flare_id,active_region,start_time,peak_time,end_time,flare_class,peak_flux_wm2,integrated_flux_jm2,satellite,data_provenance
GOES_AR11389_201201030056,AR-11389,2012-01-03T00:56:00.000,2012-01-03T01:14:00.000,2012-01-03T01:41:00.000,C1.9,1.8823529411764705e-06,0.0033882352941176468,SDO / GOES-15/16,"SDOBenchmark (Bolzern & Aerni, FHNW) / NOAA SWPC"
GOES_AR11390_201201050812,AR-11390,2012-01-05T08:12:00.000,2012-01-05T08:30:00.000,2012-01-05T08:57:00.000,Quiet,7.529411764705883e-07,0.001355294117647059,SDO / GOES-15/16,"SDOBenchmark (Bolzern & Aerni, FHNW) / NOAA SWPC"
GOES_AR11392_201201070559,AR-11392,2012-01-07T05:59:01.000,2012-01-07T06:17:01.000,2012-01-07T06:44:01.000,C3.1,3.058823529411765e-06,0.005505882352941177,SDO / GOES-15/16,"SDOBenchmark (Bolzern & Aerni, FHNW) / NOAA SWPC"
GOES_AR11388_201201080817,AR-11388,2012-01-08T08:17:01.000,2012-01-08T08:35:01.000,2012-01-08T09:02:01.000,C5.8,5.764705882352941e-06,0.010376470588235294,SDO / GOES-15/16,"SDOBenchmark (Bolzern & Aerni, FHNW) / NOAA SWPC"
GOES_AR11394_201201081750,AR-11394,2012-01-08T17:50:00.000,2012-01-08T18:08:00.000,2012-01-08T18:35:00.000,Quiet,1e-09,1.8000000000000001e-06,SDO / GOES-15/16,"SDOBenchmark (Bolzern & Aerni, FHNW) / NOAA SWPC"
GOES_AR11393_201201100743,AR-11393,2012-01-10T07:43:01.000,2012-01-10T08:01:01.000,2012-01-10T08:28:01.000,C1.2,1.1764705882352942e-06,0.0021176470588235297,SDO / GOES-15/16,"SDOBenchmark (Bolzern & Aerni, FHNW) / NOAA SWPC"
GOES_AR11395_201201101750,AR-11395,2012-01-10T17:50:00.000,2012-01-10T18:08:00.000,2012-01-10T18:35:00.000,C3.1,3.058823529411765e-06,0.005505882352941177,SDO / GOES-15/16,"SDOBenchmark (Bolzern & Aerni, FHNW) / NOAA SWPC"
GOES_AR11395_201201120648,AR-11395,2012-01-12T06:48:01.000,2012-01-12T07:06:01.000,2012-01-12T07:33:01.000,C1.8,1.7647058823529412e-06,0.003176470588235294,SDO / GOES-15/16,"SDOBenchmark (Bolzern & Aerni, FHNW) / NOAA SWPC"
GOES_AR11403_201201180711,AR-11403,2012-01-18T07:11:01.000,2012-01-18T07:29:01.000,2012-01-18T07:56:01.000,C1.0,1e-06,0.0018,SDO / GOES-15/16,"SDOBenchmark (Bolzern & Aerni, FHNW) / NOAA SWPC"
GOES_AR11405_201201191552,AR-11405,2012-01-19T15:52:38.000,2012-01-19T16:10:38.000,2012-01-19T16:37:38.000,Quiet,1e-09,1.8000000000000001e-06,SDO / GOES-15/16,"SDOBenchmark (Bolzern & Aerni, FHNW) / NOAA SWPC"
GOES_AR11409_201201231750,AR-11409,2012-01-23T17:50:00.000,2012-01-23T18:08:00.000,2012-01-23T18:35:00.000,Quiet,1e-09,1.8000000000000001e-06,SDO / GOES-15/16,"SDOBenchmark (Bolzern & Aerni, FHNW) / NOAA SWPC"
GOES_AR11401_201201240247,AR-11401,2012-01-24T02:47:31.000,2012-01-24T03:05:31.000,2012-01-24T03:32:31.000,C1.6,1.6470588235294118e-06,0.0029647058823529414,SDO / GOES-15/16,"SDOBenchmark (Bolzern & Aerni, FHNW) / NOAA SWPC"
GOES_AR11413_201202021744,AR-11413,2012-02-02T17:44:01.000,2012-02-02T18:02:01.000,2012-02-02T18:29:01.000,Quiet,5.882352941176471e-07,0.0010588235294117648,SDO / GOES-15/16,"SDOBenchmark (Bolzern & Aerni, FHNW) / NOAA SWPC"
GOES_AR11413_201202040005,AR-11413,2012-02-04T00:05:00.000,2012-02-04T00:23:00.000,2012-02-04T00:50:00.000,C1.0,1.0470588235294118e-06,0.0018847058823529413,SDO / GOES-15/16,"SDOBenchmark (Bolzern & Aerni, FHNW) / NOAA SWPC"
GOES_AR11410_201202051837,AR-11410,2012-02-05T18:37:01.000,2012-02-05T18:55:01.000,2012-02-05T19:22:01.000,Quiet,2.823529411764706e-07,0.000508235294117647,SDO / GOES-15/16,"SDOBenchmark (Bolzern & Aerni, FHNW) / NOAA SWPC"
GOES_AR11413_201202090549,AR-11413,2012-02-09T05:49:59.000,2012-02-09T06:07:59.000,2012-02-09T06:34:59.000,Quiet,1e-09,1.8000000000000001e-06,SDO / GOES-15/16,"SDOBenchmark (Bolzern & Aerni, FHNW) / NOAA SWPC"
GOES_AR11422_201202250401,AR-11422,2012-02-25T04:01:01.000,2012-02-25T04:19:01.000,2012-02-25T04:46:01.000,Quiet,1e-09,1.8000000000000001e-06,SDO / GOES-15/16,"SDOBenchmark (Bolzern & Aerni, FHNW) / NOAA SWPC"
GOES_AR11429_201203061831,AR-11429,2012-03-06T18:31:01.000,2012-03-06T18:49:01.000,2012-03-06T19:16:01.000,M2.5,2.470588235294117e-05,0.04447058823529411,SDO / GOES-15/16,"SDOBenchmark (Bolzern & Aerni, FHNW) / NOAA SWPC"
GOES_AR11429_201203080614,AR-11429,2012-03-08T06:14:00.000,2012-03-08T06:32:00.000,2012-03-08T06:59:00.000,X6.4,0.000635294117647,1.1435294117646,SDO / GOES-15/16,"SDOBenchmark (Bolzern & Aerni, FHNW) / NOAA SWPC"
GOES_AR11428_201203100212,AR-11428,2012-03-10T02:12:00.000,2012-03-10T02:30:00.000,2012-03-10T02:57:00.000,C2.0,2e-06,0.0036,SDO / GOES-15/16,"SDOBenchmark (Bolzern & Aerni, FHNW) / NOAA SWPC"
GOES_AR11428_201203110340,AR-11428,2012-03-11T03:40:00.000,2012-03-11T03:58:00.000,2012-03-11T04:25:00.000,C6.0,6e-06,0.0108,SDO / GOES-15/16,"SDOBenchmark (Bolzern & Aerni, FHNW) / NOAA SWPC"
GOES_AR11430_201203140745,AR-11430,2012-03-14T07:45:00.000,2012-03-14T08:03:00.000,2012-03-14T08:30:00.000,Quiet,1e-09,1.8000000000000001e-06,SDO / GOES-15/16,"SDOBenchmark (Bolzern & Aerni, FHNW) / NOAA SWPC"
GOES_AR11429_201203142331,AR-11429,2012-03-14T23:31:00.000,2012-03-14T23:49:00.000,2012-03-15T00:16:00.000,M9.3,9.294117647058824e-05,0.16729411764705884,SDO / GOES-15/16,"SDOBenchmark (Bolzern & Aerni, FHNW) / NOAA SWPC"
GOES_AR11429_201203152000,AR-11429,2012-03-15T20:00:01.000,2012-03-15T20:18:01.000,2012-03-15T20:45:01.000,C1.3,1.2941176470588237e-06,0.002329411764705883,SDO / GOES-15/16,"SDOBenchmark (Bolzern & Aerni, FHNW) / NOAA SWPC"
GOES_AR11434_201203180229,AR-11434,2012-03-18T02:29:01.000,2012-03-18T02:47:01.000,2012-03-18T03:14:01.000,M1.5,1.5294117647058822e-05,0.02752941176470588,SDO / GOES-15/16,"SDOBenchmark (Bolzern & Aerni, FHNW) / NOAA SWPC"
GOES_AR11436_201203200549,AR-11436,2012-03-20T05:49:59.000,2012-03-20T06:07:59.000,2012-03-20T06:34:59.000,Quiet,1e-09,1.8000000000000001e-06,SDO / GOES-15/16,"SDOBenchmark (Bolzern & Aerni, FHNW) / NOAA SWPC"
GOES_AR11445_201203310407,AR-11445,2012-03-31T04:07:08.000,2012-03-31T04:25:08.000,2012-03-31T04:52:08.000,Quiet,1e-09,1.8000000000000001e-06,SDO / GOES-15/16,"SDOBenchmark (Bolzern & Aerni, FHNW) / NOAA SWPC"
GOES_AR11453_201204041750,AR-11453,2012-04-04T17:50:00.000,2012-04-04T18:08:00.000,2012-04-04T18:35:00.000,Quiet,1e-09,1.8000000000000001e-06,SDO / GOES-15/16,"SDOBenchmark (Bolzern & Aerni, FHNW) / NOAA SWPC"
GOES_AR11458_201204170657,AR-11458,2012-04-17T06:57:59.000,2012-04-17T07:15:59.000,2012-04-17T07:42:59.000,Quiet,5.764705882352938e-07,0.001037647058823529,SDO / GOES-15/16,"SDOBenchmark (Bolzern & Aerni, FHNW) / NOAA SWPC"
GOES_AR11459_201204190004,AR-11459,2012-04-19T00:04:17.000,2012-04-19T00:22:17.000,2012-04-19T00:49:17.000,Quiet,8.235294117647059e-07,0.0014823529411764707,SDO / GOES-15/16,"SDOBenchmark (Bolzern & Aerni, FHNW) / NOAA SWPC"
GOES_AR11464_201204220550,AR-11464,2012-04-22T05:50:00.000,2012-04-22T06:08:00.000,2012-04-22T06:35:00.000,Quiet,1e-09,1.8000000000000001e-06,SDO / GOES-15/16,"SDOBenchmark (Bolzern & Aerni, FHNW) / NOAA SWPC"
GOES_AR11465_201204222344,AR-11465,2012-04-22T23:44:01.000,2012-04-23T00:02:01.000,2012-04-23T00:29:01.000,C2.0,2e-06,0.0036,SDO / GOES-15/16,"SDOBenchmark (Bolzern & Aerni, FHNW) / NOAA SWPC"
GOES_AR11461_201204230550,AR-11461,2012-04-23T05:50:00.000,2012-04-23T06:08:00.000,2012-04-23T06:35:00.000,C1.2,1.1647058823529413e-06,0.0020964705882352943,SDO / GOES-15/16,"SDOBenchmark (Bolzern & Aerni, FHNW) / NOAA SWPC"
GOES_AR11460_201204251447,AR-11460,2012-04-25T14:47:01.000,2012-04-25T15:05:01.000,2012-04-25T15:32:01.000,C1.1,1.1176470588235294e-06,0.002011764705882353,SDO / GOES-15/16,"SDOBenchmark (Bolzern & Aerni, FHNW) / NOAA SWPC"
GOES_AR11465_201204291142,AR-11465,2012-04-29T11:42:01.000,2012-04-29T12:00:01.000,2012-04-29T12:27:01.000,C1.1,1.1058823529411764e-06,0.0019905882352941177,SDO / GOES-15/16,"SDOBenchmark (Bolzern & Aerni, FHNW) / NOAA SWPC"
GOES_AR11472_201205031803,AR-11472,2012-05-03T18:03:00.000,2012-05-03T18:21:00.000,2012-05-03T18:48:00.000,Quiet,1e-09,1.8000000000000001e-06,SDO / GOES-15/16,"SDOBenchmark (Bolzern & Aerni, FHNW) / NOAA SWPC"
GOES_AR11469_201205041044,AR-11469,2012-05-04T10:44:01.000,2012-05-04T11:02:01.000,2012-05-04T11:29:01.000,C1.5,1.5294117647058826e-06,0.0027529411764705886,SDO / GOES-15/16,"SDOBenchmark (Bolzern & Aerni, FHNW) / NOAA SWPC"
GOES_AR11479_201205151740,AR-11479,2012-05-15T17:40:32.000,2012-05-15T17:58:32.000,2012-05-15T18:25:32.000,Quiet,1e-09,1.8000000000000001e-06,SDO / GOES-15/16,"SDOBenchmark (Bolzern & Aerni, FHNW) / NOAA SWPC"
GOES_AR11481_201205151750,AR-11481,2012-05-15T17:50:00.000,2012-05-15T18:08:00.000,2012-05-15T18:35:00.000,Quiet,1e-09,1.8000000000000001e-06,SDO / GOES-15/16,"SDOBenchmark (Bolzern & Aerni, FHNW) / NOAA SWPC"
GOES_AR11486_201205261750,AR-11486,2012-05-26T17:50:00.000,2012-05-26T18:08:00.000,2012-05-26T18:35:00.000,Quiet,1e-09,1.8000000000000001e-06,SDO / GOES-15/16,"SDOBenchmark (Bolzern & Aerni, FHNW) / NOAA SWPC"
GOES_AR11492_201205291045,AR-11492,2012-05-29T10:45:01.000,2012-05-29T11:03:01.000,2012-05-29T11:30:01.000,Quiet,4.11764705882353e-07,0.0007411764705882354,SDO / GOES-15/16,"SDOBenchmark (Bolzern & Aerni, FHNW) / NOAA SWPC"
GOES_AR11497_201206031750,AR-11497,2012-06-03T17:50:00.000,2012-06-03T18:08:00.000,2012-06-03T18:35:00.000,Quiet,1e-09,1.8000000000000001e-06,SDO / GOES-15/16,"SDOBenchmark (Bolzern & Aerni, FHNW) / NOAA SWPC"
GOES_AR11494_201206051345,AR-11494,2012-06-05T13:45:01.000,2012-06-05T14:03:01.000,2012-06-05T14:30:01.000,C1.3,1.2941176470588237e-06,0.002329411764705883,SDO / GOES-15/16,"SDOBenchmark (Bolzern & Aerni, FHNW) / NOAA SWPC"
GOES_AR11492_201206052355,AR-11492,2012-06-05T23:55:00.000,2012-06-06T00:13:00.000,2012-06-06T00:40:00.000,Quiet,1e-09,1.8000000000000001e-06,SDO / GOES-15/16,"SDOBenchmark (Bolzern & Aerni, FHNW) / NOAA SWPC"
GOES_AR11498_201206070605,AR-11498,2012-06-07T06:05:01.000,2012-06-07T06:23:01.000,2012-06-07T06:50:01.000,C1.9,1.8823529411764705e-06,0.0033882352941176468,SDO / GOES-15/16,"SDOBenchmark (Bolzern & Aerni, FHNW) / NOAA SWPC"
GOES_AR11499_201206091622,AR-11499,2012-06-09T16:22:01.000,2012-06-09T16:40:01.000,2012-06-09T17:07:01.000,C1.8,1.7647058823529412e-06,0.003176470588235294,SDO / GOES-15/16,"SDOBenchmark (Bolzern & Aerni, FHNW) / NOAA SWPC"
GOES_AR11494_201206140037,AR-11494,2012-06-14T00:37:00.000,2012-06-14T00:55:00.000,2012-06-14T01:22:00.000,Quiet,1e-09,1.8000000000000001e-06,SDO / GOES-15/16,"SDOBenchmark (Bolzern & Aerni, FHNW) / NOAA SWPC"
GOES_AR11506_201206162015,AR-11506,2012-06-16T20:15:38.000,2012-06-16T20:33:38.000,2012-06-16T21:00:38.000,Quiet,1e-09,1.8000000000000001e-06,SDO / GOES-15/16,"SDOBenchmark (Bolzern & Aerni, FHNW) / NOAA SWPC"
GOES_AR11504_201206170639,AR-11504,2012-06-17T06:39:36.000,2012-06-17T06:57:36.000,2012-06-17T07:24:36.000,C2.1,2.11764705882353e-06,0.003811764705882354,SDO / GOES-15/16,"SDOBenchmark (Bolzern & Aerni, FHNW) / NOAA SWPC"
GOES_AR11504_201206172330,AR-11504,2012-06-17T23:30:01.000,2012-06-17T23:48:01.000,2012-06-18T00:15:01.000,C4.6,4.588235294117647e-06,0.008258823529411765,SDO / GOES-15/16,"SDOBenchmark (Bolzern & Aerni, FHNW) / NOAA SWPC"
GOES_AR11504_201206182335,AR-11504,2012-06-18T23:35:59.000,2012-06-18T23:53:59.000,2012-06-19T00:20:59.000,C2.1,2.11764705882353e-06,0.003811764705882354,SDO / GOES-15/16,"SDOBenchmark (Bolzern & Aerni, FHNW) / NOAA SWPC"
GOES_AR11504_201206191035,AR-11504,2012-06-19T10:35:01.000,2012-06-19T10:53:01.000,2012-06-19T11:20:01.000,C1.3,1.2941176470588237e-06,0.002329411764705883,SDO / GOES-15/16,"SDOBenchmark (Bolzern & Aerni, FHNW) / NOAA SWPC"
GOES_AR11510_201206250923,AR-11510,2012-06-25T09:23:02.000,2012-06-25T09:41:02.000,2012-06-25T10:08:02.000,Quiet,1e-09,1.8000000000000001e-06,SDO / GOES-15/16,"SDOBenchmark (Bolzern & Aerni, FHNW) / NOAA SWPC"
GOES_AR11512_201206291044,AR-11512,2012-06-29T10:44:59.000,2012-06-29T11:02:59.000,2012-06-29T11:29:59.000,C1.0,1.0352941176470586e-06,0.0018635294117647055,SDO / GOES-15/16,"SDOBenchmark (Bolzern & Aerni, FHNW) / NOAA SWPC"
GOES_AR11515_201207021642,AR-11515,2012-07-02T16:42:01.000,2012-07-02T17:00:01.000,2012-07-02T17:27:01.000,M6.6,6.588235294117646e-05,0.11858823529411763,SDO / GOES-15/16,"SDOBenchmark (Bolzern & Aerni, FHNW) / NOAA SWPC"
GOES_AR11513_201207062050,AR-11513,2012-07-06T20:50:01.000,2012-07-06T21:08:01.000,2012-07-06T21:35:01.000,C9.2,9.176470588235294e-06,0.01651764705882353,SDO / GOES-15/16,"SDOBenchmark (Bolzern & Aerni, FHNW) / NOAA SWPC"
GOES_AR11518_201207082044,AR-11518,2012-07-08T20:44:00.000,2012-07-08T21:02:00.000,2012-07-08T21:29:00.000,Quiet,1e-09,1.8000000000000001e-06,SDO / GOES-15/16,"SDOBenchmark (Bolzern & Aerni, FHNW) / NOAA SWPC"
GOES_AR11522_201207141750,AR-11522,2012-07-14T17:50:00.000,2012-07-14T18:08:00.000,2012-07-14T18:35:00.000,C1.6,1.6470588235294118e-06,0.0029647058823529414,SDO / GOES-15/16,"SDOBenchmark (Bolzern & Aerni, FHNW) / NOAA SWPC"
GOES_AR11522_201207161048,AR-11522,2012-07-16T10:48:01.000,2012-07-16T11:06:01.000,2012-07-16T11:33:01.000,C3.5,3.5294117647058825e-06,0.006352941176470588,SDO / GOES-15/16,"SDOBenchmark (Bolzern & Aerni, FHNW) / NOAA SWPC"
GOES_AR11519_201207170037,AR-11519,2012-07-17T00:37:00.000,2012-07-17T00:55:00.000,2012-07-17T01:22:00.000,C4.5,4.4705882352941184e-06,0.008047058823529412,SDO / GOES-15/16,"SDOBenchmark (Bolzern & Aerni, FHNW) / NOAA SWPC"
GOES_AR11521_201207181010,AR-11521,2012-07-18T10:10:40.000,2012-07-18T10:28:40.000,2012-07-18T10:55:40.000,C1.8,1.7647058823529412e-06,0.003176470588235294,SDO / GOES-15/16,"SDOBenchmark (Bolzern & Aerni, FHNW) / NOAA SWPC"
GOES_AR11528_201207251750,AR-11528,2012-07-25T17:50:00.000,2012-07-25T18:08:00.000,2012-07-25T18:35:00.000,Quiet,6.941176470588235e-07,0.0012494117647058824,SDO / GOES-15/16,"SDOBenchmark (Bolzern & Aerni, FHNW) / NOAA SWPC"
GOES_AR11525_201207252034,AR-11525,2012-07-25T20:34:36.000,2012-07-25T20:52:36.000,2012-07-25T21:19:36.000,Quiet,1e-09,1.8000000000000001e-06,SDO / GOES-15/16,"SDOBenchmark (Bolzern & Aerni, FHNW) / NOAA SWPC"
GOES_AR11528_201207261552,AR-11528,2012-07-26T15:52:01.000,2012-07-26T16:10:01.000,2012-07-26T16:37:01.000,Quiet,8e-07,0.0014399999999999999,SDO / GOES-15/16,"SDOBenchmark (Bolzern & Aerni, FHNW) / NOAA SWPC"
GOES_AR11533_201208010550,AR-11533,2012-08-01T05:50:00.000,2012-08-01T06:08:00.000,2012-08-01T06:35:00.000,Quiet,1e-09,1.8000000000000001e-06,SDO / GOES-15/16,"SDOBenchmark (Bolzern & Aerni, FHNW) / NOAA SWPC"
GOES_AR11535_201208051012,AR-11535,2012-08-05T10:12:00.000,2012-08-05T10:30:00.000,2012-08-05T10:57:00.000,C1.5,1.5294117647058826e-06,0.0027529411764705886,SDO / GOES-15/16,"SDOBenchmark (Bolzern & Aerni, FHNW) / NOAA SWPC"
GOES_AR11541_201208070839,AR-11541,2012-08-07T08:39:21.000,2012-08-07T08:57:21.000,2012-08-07T09:24:21.000,Quiet,1e-09,1.8000000000000001e-06,SDO / GOES-15/16,"SDOBenchmark (Bolzern & Aerni, FHNW) / NOAA SWPC"
GOES_AR11542_201208101737,AR-11542,2012-08-10T17:37:00.000,2012-08-10T17:55:00.000,2012-08-10T18:22:00.000,C9.9,9.882352941176467e-06,0.017788235294117643,SDO / GOES-15/16,"SDOBenchmark (Bolzern & Aerni, FHNW) / NOAA SWPC"
GOES_AR11542_201208112232,AR-11542,2012-08-11T22:32:01.000,2012-08-11T22:50:01.000,2012-08-11T23:17:01.000,C2.4,2.3529411764705885e-06,0.004235294117647059,SDO / GOES-15/16,"SDOBenchmark (Bolzern & Aerni, FHNW) / NOAA SWPC"
GOES_AR11543_201208150632,AR-11543,2012-08-15T06:32:00.000,2012-08-15T06:50:00.000,2012-08-15T07:17:00.000,C1.3,1.2941176470588237e-06,0.002329411764705883,SDO / GOES-15/16,"SDOBenchmark (Bolzern & Aerni, FHNW) / NOAA SWPC"
GOES_AR11546_201208241023,AR-11546,2012-08-24T10:23:00.000,2012-08-24T10:41:00.000,2012-08-24T11:08:00.000,Quiet,1e-09,1.8000000000000001e-06,SDO / GOES-15/16,"SDOBenchmark (Bolzern & Aerni, FHNW) / NOAA SWPC"
GOES_AR11561_201209031432,AR-11561,2012-09-03T14:32:53.000,2012-09-03T14:50:53.000,2012-09-03T15:17:53.000,Quiet,1e-09,1.8000000000000001e-06,SDO / GOES-15/16,"SDOBenchmark (Bolzern & Aerni, FHNW) / NOAA SWPC"
GOES_AR11558_201209031625,AR-11558,2012-09-03T16:25:47.000,2012-09-03T16:43:47.000,2012-09-03T17:10:47.000,Quiet,1e-09,1.8000000000000001e-06,SDO / GOES-15/16,"SDOBenchmark (Bolzern & Aerni, FHNW) / NOAA SWPC"
GOES_AR11560_201209060704,AR-11560,2012-09-06T07:04:01.000,2012-09-06T07:22:01.000,2012-09-06T07:49:01.000,C1.4,1.4117647058823531e-06,0.0025411764705882355,SDO / GOES-15/16,"SDOBenchmark (Bolzern & Aerni, FHNW) / NOAA SWPC"
GOES_AR11564_201209061356,AR-11564,2012-09-06T13:56:00.000,2012-09-06T14:14:00.000,2012-09-06T14:41:00.000,C8.5,8.470588235294118e-06,0.015247058823529412,SDO / GOES-15/16,"SDOBenchmark (Bolzern & Aerni, FHNW) / NOAA SWPC"
GOES_AR11566_201209100647,AR-11566,2012-09-10T06:47:38.000,2012-09-10T07:05:38.000,2012-09-10T07:32:38.000,Quiet,1e-09,1.8000000000000001e-06,SDO / GOES-15/16,"SDOBenchmark (Bolzern & Aerni, FHNW) / NOAA SWPC"
GOES_AR11569_201209132151,AR-11569,2012-09-13T21:51:01.000,2012-09-13T22:09:01.000,2012-09-13T22:36:01.000,C2.0,2e-06,0.0036,SDO / GOES-15/16,"SDOBenchmark (Bolzern & Aerni, FHNW) / NOAA SWPC"
GOES_AR11566_201209160449,AR-11566,2012-09-16T04:49:01.000,2012-09-16T05:07:01.000,2012-09-16T05:34:01.000,C1.1,1.1294117647058824e-06,0.002032941176470588,SDO / GOES-15/16,"SDOBenchmark (Bolzern & Aerni, FHNW) / NOAA SWPC"
GOES_AR11569_201209211158,AR-11569,2012-09-21T11:58:48.000,2012-09-21T12:16:48.000,2012-09-21T12:43:48.000,Quiet,1e-09,1.8000000000000001e-06,SDO / GOES-15/16,"SDOBenchmark (Bolzern & Aerni, FHNW) / NOAA SWPC"
GOES_AR11575_201209260841,AR-11575,2012-09-26T08:41:59.000,2012-09-26T08:59:59.000,2012-09-26T09:26:59.000,C1.3,1.2941176470588237e-06,0.002329411764705883,SDO / GOES-15/16,"SDOBenchmark (Bolzern & Aerni, FHNW) / NOAA SWPC"
GOES_AR11579_201209292310,AR-11579,2012-09-29T23:10:00.000,2012-09-29T23:28:00.000,2012-09-29T23:55:00.000,Quiet,1e-09,1.8000000000000001e-06,SDO / GOES-15/16,"SDOBenchmark (Bolzern & Aerni, FHNW) / NOAA SWPC"
GOES_AR11579_201210060631,AR-11579,2012-10-06T06:31:01.000,2012-10-06T06:49:01.000,2012-10-06T07:16:01.000,Quiet,3.529411764705882e-07,0.0006352941176470588,SDO / GOES-15/16,"SDOBenchmark (Bolzern & Aerni, FHNW) / NOAA SWPC"
GOES_AR11589_201210160049,AR-11589,2012-10-16T00:49:01.000,2012-10-16T01:07:01.000,2012-10-16T01:34:01.000,C1.6,1.6470588235294118e-06,0.0029647058823529414,SDO / GOES-15/16,"SDOBenchmark (Bolzern & Aerni, FHNW) / NOAA SWPC"
GOES_AR11596_201210220205,AR-11596,2012-10-22T02:05:04.000,2012-10-22T02:23:04.000,2012-10-22T02:50:04.000,C2.1,2.11764705882353e-06,0.003811764705882354,SDO / GOES-15/16,"SDOBenchmark (Bolzern & Aerni, FHNW) / NOAA SWPC"
GOES_AR11589_201210220550,AR-11589,2012-10-22T05:50:00.000,2012-10-22T06:08:00.000,2012-10-22T06:35:00.000,Quiet,1e-09,1.8000000000000001e-06,SDO / GOES-15/16,"SDOBenchmark (Bolzern & Aerni, FHNW) / NOAA SWPC"
GOES_AR11596_201210242041,AR-11596,2012-10-24T20:41:01.000,2012-10-24T20:59:01.000,2012-10-24T21:26:01.000,Quiet,1e-09,1.8000000000000001e-06,SDO / GOES-15/16,"SDOBenchmark (Bolzern & Aerni, FHNW) / NOAA SWPC"
GOES_AR11593_201210250017,AR-11593,2012-10-25T00:17:00.000,2012-10-25T00:35:00.000,2012-10-25T01:02:00.000,C2.8,2.8235294117647062e-06,0.005082352941176471,SDO / GOES-15/16,"SDOBenchmark (Bolzern & Aerni, FHNW) / NOAA SWPC"
GOES_AR11612_201211130225,AR-11612,2012-11-13T02:25:01.000,2012-11-13T02:43:01.000,2012-11-13T03:10:01.000,Quiet,1e-09,1.8000000000000001e-06,SDO / GOES-15/16,"SDOBenchmark (Bolzern & Aerni, FHNW) / NOAA SWPC"
GOES_AR11614_201211150154,AR-11614,2012-11-15T01:54:00.000,2012-11-15T02:12:00.000,2012-11-15T02:39:00.000,C1.5,1.5294117647058826e-06,0.0027529411764705886,SDO / GOES-15/16,"SDOBenchmark (Bolzern & Aerni, FHNW) / NOAA SWPC"
GOES_AR11613_201211161355,AR-11613,2012-11-16T13:55:58.000,2012-11-16T14:13:58.000,2012-11-16T14:40:58.000,C1.6,1.6470588235294118e-06,0.0029647058823529414,SDO / GOES-15/16,"SDOBenchmark (Bolzern & Aerni, FHNW) / NOAA SWPC"
GOES_AR11610_201211170145,AR-11610,2012-11-17T01:45:01.000,2012-11-17T02:03:01.000,2012-11-17T02:30:01.000,C1.2,1.1764705882352942e-06,0.0021176470588235297,SDO / GOES-15/16,"SDOBenchmark (Bolzern & Aerni, FHNW) / NOAA SWPC"
GOES_AR11623_201211302027,AR-11623,2012-11-30T20:27:01.000,2012-11-30T20:45:01.000,2012-11-30T21:12:01.000,Quiet,8.941176470588236e-07,0.0016094117647058824,SDO / GOES-15/16,"SDOBenchmark (Bolzern & Aerni, FHNW) / NOAA SWPC"
GOES_AR11623_201212081010,AR-11623,2012-12-08T10:10:00.000,2012-12-08T10:28:00.000,2012-12-08T10:55:00.000,Quiet,1e-09,1.8000000000000001e-06,SDO / GOES-15/16,"SDOBenchmark (Bolzern & Aerni, FHNW) / NOAA SWPC"
GOES_AR11632_201212142005,AR-11632,2012-12-14T20:05:00.000,2012-12-14T20:23:00.000,2012-12-14T20:50:00.000,C1.4,1.4117647058823531e-06,0.0025411764705882355,SDO / GOES-15/16,"SDOBenchmark (Bolzern & Aerni, FHNW) / NOAA SWPC"
GOES_AR11633_201212192235,AR-11633,2012-12-19T22:35:00.000,2012-12-19T22:53:00.000,2012-12-19T23:20:00.000,Quiet,6.823529411764705e-07,0.001228235294117647,SDO / GOES-15/16,"SDOBenchmark (Bolzern & Aerni, FHNW) / NOAA SWPC"
GOES_AR11633_201212220720,AR-11633,2012-12-22T07:20:01.000,2012-12-22T07:38:01.000,2012-12-22T08:05:01.000,Quiet,8e-07,0.0014399999999999999,SDO / GOES-15/16,"SDOBenchmark (Bolzern & Aerni, FHNW) / NOAA SWPC"
GOES_AR11642_201301040908,AR-11642,2013-01-04T09:08:15.000,2013-01-04T09:26:15.000,2013-01-04T09:53:15.000,Quiet,1e-09,1.8000000000000001e-06,SDO / GOES-15/16,"SDOBenchmark (Bolzern & Aerni, FHNW) / NOAA SWPC"
GOES_AR11638_201301041546,AR-11638,2013-01-04T15:46:42.000,2013-01-04T16:04:42.000,2013-01-04T16:31:42.000,Quiet,1e-09,1.8000000000000001e-06,SDO / GOES-15/16,"SDOBenchmark (Bolzern & Aerni, FHNW) / NOAA SWPC"
GOES_AR11650_201301071401,AR-11650,2013-01-07T14:01:00.000,2013-01-07T14:19:00.000,2013-01-07T14:46:00.000,Quiet,1e-09,1.8000000000000001e-06,SDO / GOES-15/16,"SDOBenchmark (Bolzern & Aerni, FHNW) / NOAA SWPC"
GOES_AR11654_201301101750,AR-11654,2013-01-10T17:50:00.000,2013-01-10T18:08:00.000,2013-01-10T18:35:00.000,C2.6,2.588235294117648e-06,0.0046588235294117665,SDO / GOES-15/16,"SDOBenchmark (Bolzern & Aerni, FHNW) / NOAA SWPC"
GOES_AR11653_201301111306,AR-11653,2013-01-11T13:06:38.000,2013-01-11T13:24:38.000,2013-01-11T13:51:38.000,Quiet,1e-09,1.8000000000000001e-06,SDO / GOES-15/16,"SDOBenchmark (Bolzern & Aerni, FHNW) / NOAA SWPC"
GOES_AR11652_201301122342,AR-11652,2013-01-12T23:42:01.000,2013-01-13T00:00:01.000,2013-01-13T00:27:01.000,C1.8,1.7647058823529412e-06,0.003176470588235294,SDO / GOES-15/16,"SDOBenchmark (Bolzern & Aerni, FHNW) / NOAA SWPC"
GOES_AR11652_201301131428,AR-11652,2013-01-13T14:28:01.000,2013-01-13T14:46:01.000,2013-01-13T15:13:01.000,M2.0,2e-05,0.036000000000000004,SDO / GOES-15/16,"SDOBenchmark (Bolzern & Aerni, FHNW) / NOAA SWPC"
GOES_AR11654_201301162047,AR-11654,2013-01-16T20:47:00.000,2013-01-16T21:05:00.000,2013-01-16T21:32:00.000,C2.1,2.11764705882353e-06,0.003811764705882354,SDO / GOES-15/16,"SDOBenchmark (Bolzern & Aerni, FHNW) / NOAA SWPC"
GOES_AR11652_201301180735,AR-11652,2013-01-18T07:35:01.000,2013-01-18T07:53:01.000,2013-01-18T08:20:01.000,C1.1,1.0823529411764705e-06,0.0019482352941176469,SDO / GOES-15/16,"SDOBenchmark (Bolzern & Aerni, FHNW) / NOAA SWPC"
GOES_AR11662_201301292327,AR-11662,2013-01-29T23:27:00.000,2013-01-29T23:45:00.000,2013-01-30T00:12:00.000,Quiet,1e-09,1.8000000000000001e-06,SDO / GOES-15/16,"SDOBenchmark (Bolzern & Aerni, FHNW) / NOAA SWPC"
GOES_AR11665_201302111648,AR-11665,2013-02-11T16:48:28.000,2013-02-11T17:06:28.000,2013-02-11T17:33:28.000,Quiet,1e-09,1.8000000000000001e-06,SDO / GOES-15/16,"SDOBenchmark (Bolzern & Aerni, FHNW) / NOAA SWPC"
GOES_AR11677_201302191750,AR-11677,2013-02-19T17:50:00.000,2013-02-19T18:08:00.000,2013-02-19T18:35:00.000,Quiet,1e-09,1.8000000000000001e-06,SDO / GOES-15/16,"SDOBenchmark (Bolzern & Aerni, FHNW) / NOAA SWPC"
GOES_AR11675_201302202228,AR-11675,2013-02-20T22:28:47.000,2013-02-20T22:46:47.000,2013-02-20T23:13:47.000,Quiet,1e-09,1.8000000000000001e-06,SDO / GOES-15/16,"SDOBenchmark (Bolzern & Aerni, FHNW) / NOAA SWPC"
GOES_AR11688_201303070550,AR-11688,2013-03-07T05:50:00.000,2013-03-07T06:08:00.000,2013-03-07T06:35:00.000,Quiet,1e-09,1.8000000000000001e-06,SDO / GOES-15/16,"SDOBenchmark (Bolzern & Aerni, FHNW) / NOAA SWPC"
GOES_AR11698_201303171129,AR-11698,2013-03-17T11:29:00.000,2013-03-17T11:47:00.000,2013-03-17T12:14:00.000,C3.3,3.294117647058824e-06,0.005929411764705884,SDO / GOES-15/16,"SDOBenchmark (Bolzern & Aerni, FHNW) / NOAA SWPC"
GOES_AR11698_201303171612,AR-11698,2013-03-17T16:12:01.000,2013-03-17T16:30:01.000,2013-03-17T16:57:01.000,Quiet,9.294117647058824e-07,0.0016729411764705882,SDO / GOES-15/16,"SDOBenchmark (Bolzern & Aerni, FHNW) / NOAA SWPC"
GOES_AR11698_201303190707,AR-11698,2013-03-19T07:07:01.000,2013-03-19T07:25:01.000,2013-03-19T07:52:01.000,C5.1,5.058823529411765e-06,0.009105882352941175,SDO / GOES-15/16,"SDOBenchmark (Bolzern & Aerni, FHNW) / NOAA SWPC"
GOES_AR11703_201303250416,AR-11703,2013-03-25T04:16:01.000,2013-03-25T04:34:01.000,2013-03-25T05:01:01.000,Quiet,2.941176470588236e-07,0.0005294117647058825,SDO / GOES-15/16,"SDOBenchmark (Bolzern & Aerni, FHNW) / NOAA SWPC"
GOES_AR11710_201304070549,AR-11710,2013-04-07T05:49:59.000,2013-04-07T06:07:59.000,2013-04-07T06:34:59.000,Quiet,1e-09,1.8000000000000001e-06,SDO / GOES-15/16,"SDOBenchmark (Bolzern & Aerni, FHNW) / NOAA SWPC"
GOES_AR11713_201304090538,AR-11713,2013-04-09T05:38:01.000,2013-04-09T05:56:01.000,2013-04-09T06:23:01.000,C1.8,1.7647058823529412e-06,0.003176470588235294,SDO / GOES-15/16,"SDOBenchmark (Bolzern & Aerni, FHNW) / NOAA SWPC"
GOES_AR11720_201304091750,AR-11720,2013-04-09T17:50:00.000,2013-04-09T18:08:00.000,2013-04-09T18:35:00.000,Quiet,1e-09,1.8000000000000001e-06,SDO / GOES-15/16,"SDOBenchmark (Bolzern & Aerni, FHNW) / NOAA SWPC"
GOES_AR11714_201304140414,AR-11714,2013-04-14T04:14:14.000,2013-04-14T04:32:14.000,2013-04-14T04:59:14.000,Quiet,1e-09,1.8000000000000001e-06,SDO / GOES-15/16,"SDOBenchmark (Bolzern & Aerni, FHNW) / NOAA SWPC"
GOES_AR11718_201304161515,AR-11718,2013-04-16T15:15:00.000,2013-04-16T15:33:00.000,2013-04-16T16:00:00.000,C1.3,1.2941176470588237e-06,0.002329411764705883,SDO / GOES-15/16,"SDOBenchmark (Bolzern & Aerni, FHNW) / NOAA SWPC"
GOES_AR11723_201304181327,AR-11723,2013-04-18T13:27:00.000,2013-04-18T13:45:00.000,2013-04-18T14:12:00.000,Quiet,1e-09,1.8000000000000001e-06,SDO / GOES-15/16,"SDOBenchmark (Bolzern & Aerni, FHNW) / NOAA SWPC"
GOES_AR11729_201304271332,AR-11729,2013-04-27T13:32:49.000,2013-04-27T13:50:49.000,2013-04-27T14:17:49.000,Quiet,1e-09,1.8000000000000001e-06,SDO / GOES-15/16,"SDOBenchmark (Bolzern & Aerni, FHNW) / NOAA SWPC"
GOES_AR11728_201304271930,AR-11728,2013-04-27T19:30:50.000,2013-04-27T19:48:50.000,2013-04-27T20:15:50.000,Quiet,1e-09,1.8000000000000001e-06,SDO / GOES-15/16,"SDOBenchmark (Bolzern & Aerni, FHNW) / NOAA SWPC"
GOES_AR11732_201304291750,AR-11732,2013-04-29T17:50:00.000,2013-04-29T18:08:00.000,2013-04-29T18:35:00.000,C3.5,3.5294117647058825e-06,0.006352941176470588,SDO / GOES-15/16,"SDOBenchmark (Bolzern & Aerni, FHNW) / NOAA SWPC"
GOES_AR11734_201305030156,AR-11734,2013-05-03T01:56:00.000,2013-05-03T02:14:00.000,2013-05-03T02:41:00.000,C1.6,1.6470588235294118e-06,0.0029647058823529414,SDO / GOES-15/16,"SDOBenchmark (Bolzern & Aerni, FHNW) / NOAA SWPC"
GOES_AR11736_201305051625,AR-11736,2013-05-05T16:25:59.000,2013-05-05T16:43:59.000,2013-05-05T17:10:59.000,Quiet,1e-09,1.8000000000000001e-06,SDO / GOES-15/16,"SDOBenchmark (Bolzern & Aerni, FHNW) / NOAA SWPC"
GOES_AR11731_201305061945,AR-11731,2013-05-06T19:45:00.000,2013-05-06T20:03:00.000,2013-05-06T20:30:00.000,C1.3,1.2941176470588237e-06,0.002329411764705883,SDO / GOES-15/16,"SDOBenchmark (Bolzern & Aerni, FHNW) / NOAA SWPC"
GOES_AR11740_201305112248,AR-11740,2013-05-11T22:48:54.000,2013-05-11T23:06:54.000,2013-05-11T23:33:54.000,Quiet,1e-09,1.8000000000000001e-06,SDO / GOES-15/16,"SDOBenchmark (Bolzern & Aerni, FHNW) / NOAA SWPC"
GOES_AR11744_201305161807,AR-11744,2013-05-16T18:07:01.000,2013-05-16T18:25:01.000,2013-05-16T18:52:01.000,C1.4,1.4117647058823531e-06,0.0025411764705882355,SDO / GOES-15/16,"SDOBenchmark (Bolzern & Aerni, FHNW) / NOAA SWPC"
GOES_AR11748_201305210008,AR-11748,2013-05-21T00:08:00.000,2013-05-21T00:26:00.000,2013-05-21T00:53:00.000,M1.1,1.1294117647058823e-05,0.02032941176470588,SDO / GOES-15/16,"SDOBenchmark (Bolzern & Aerni, FHNW) / NOAA SWPC"
GOES_AR11744_201305220550,AR-11744,2013-05-22T05:50:00.000,2013-05-22T06:08:00.000,2013-05-22T06:35:00.000,Quiet,1e-09,1.8000000000000001e-06,SDO / GOES-15/16,"SDOBenchmark (Bolzern & Aerni, FHNW) / NOAA SWPC"
GOES_AR11756_201305242040,AR-11756,2013-05-24T20:40:00.000,2013-05-24T20:58:00.000,2013-05-24T21:25:00.000,C4.6,4.588235294117647e-06,0.008258823529411765,SDO / GOES-15/16,"SDOBenchmark (Bolzern & Aerni, FHNW) / NOAA SWPC"
GOES_AR11755_201305251639,AR-11755,2013-05-25T16:39:01.000,2013-05-25T16:57:01.000,2013-05-25T17:24:01.000,C2.5,2.4705882352941173e-06,0.004447058823529411,SDO / GOES-15/16,"SDOBenchmark (Bolzern & Aerni, FHNW) / NOAA SWPC"
GOES_AR11773_201306222326,AR-11773,2013-06-22T23:26:01.000,2013-06-22T23:44:01.000,2013-06-23T00:11:01.000,C1.8,1.7647058823529412e-06,0.003176470588235294,SDO / GOES-15/16,"SDOBenchmark (Bolzern & Aerni, FHNW) / NOAA SWPC"
GOES_AR11770_201306240405,AR-11770,2013-06-24T04:05:51.000,2013-06-24T04:23:51.000,2013-06-24T04:50:51.000,Quiet,1e-09,1.8000000000000001e-06,SDO / GOES-15/16,"SDOBenchmark (Bolzern & Aerni, FHNW) / NOAA SWPC"
GOES_AR11780_201306302107,AR-11780,2013-06-30T21:07:01.000,2013-06-30T21:25:01.000,2013-06-30T21:52:01.000,C3.2,3.1764705882352943e-06,0.0057176470588235296,SDO / GOES-15/16,"SDOBenchmark (Bolzern & Aerni, FHNW) / NOAA SWPC"
GOES_AR11780_201307012108,AR-11780,2013-07-01T21:08:33.000,2013-07-01T21:26:33.000,2013-07-01T21:53:33.000,C2.4,2.3529411764705885e-06,0.004235294117647059,SDO / GOES-15/16,"SDOBenchmark (Bolzern & Aerni, FHNW) / NOAA SWPC"
GOES_AR11777_201307021332,AR-11777,2013-07-02T13:32:59.000,2013-07-02T13:50:59.000,2013-07-02T14:17:59.000,Quiet,1e-09,1.8000000000000001e-06,SDO / GOES-15/16,"SDOBenchmark (Bolzern & Aerni, FHNW) / NOAA SWPC"
GOES_AR11794_201307161750,AR-11794,2013-07-16T17:50:00.000,2013-07-16T18:08:00.000,2013-07-16T18:35:00.000,Quiet,1e-09,1.8000000000000001e-06,SDO / GOES-15/16,"SDOBenchmark (Bolzern & Aerni, FHNW) / NOAA SWPC"
GOES_AR11806_201308011705,AR-11806,2013-08-01T17:05:00.000,2013-08-01T17:23:00.000,2013-08-01T17:50:00.000,Quiet,1e-09,1.8000000000000001e-06,SDO / GOES-15/16,"SDOBenchmark (Bolzern & Aerni, FHNW) / NOAA SWPC"
GOES_AR11814_201308150549,AR-11814,2013-08-15T05:49:59.000,2013-08-15T06:07:59.000,2013-08-15T06:34:59.000,Quiet,1e-09,1.8000000000000001e-06,SDO / GOES-15/16,"SDOBenchmark (Bolzern & Aerni, FHNW) / NOAA SWPC"
GOES_AR11818_201308152346,AR-11818,2013-08-15T23:46:01.000,2013-08-16T00:04:01.000,2013-08-16T00:31:01.000,C2.5,2.4705882352941173e-06,0.004447058823529411,SDO / GOES-15/16,"SDOBenchmark (Bolzern & Aerni, FHNW) / NOAA SWPC"
GOES_AR11824_201308230519,AR-11824,2013-08-23T05:19:00.000,2013-08-23T05:37:00.000,2013-08-23T06:04:00.000,C1.2,1.1764705882352942e-06,0.0021176470588235297,SDO / GOES-15/16,"SDOBenchmark (Bolzern & Aerni, FHNW) / NOAA SWPC"
GOES_AR11820_201308231105,AR-11820,2013-08-23T11:05:00.000,2013-08-23T11:23:00.000,2013-08-23T11:50:00.000,C2.2,2.2352941176470592e-06,0.004023529411764706,SDO / GOES-15/16,"SDOBenchmark (Bolzern & Aerni, FHNW) / NOAA SWPC"
GOES_AR11823_201308241202,AR-11823,2013-08-24T12:02:50.000,2013-08-24T12:20:50.000,2013-08-24T12:47:50.000,Quiet,1e-09,1.8000000000000001e-06,SDO / GOES-15/16,"SDOBenchmark (Bolzern & Aerni, FHNW) / NOAA SWPC"
GOES_AR11831_201308250714,AR-11831,2013-08-25T07:14:09.000,2013-08-25T07:32:09.000,2013-08-25T07:59:09.000,Quiet,1e-09,1.8000000000000001e-06,SDO / GOES-15/16,"SDOBenchmark (Bolzern & Aerni, FHNW) / NOAA SWPC"
GOES_AR11828_201308262217,AR-11828,2013-08-26T22:17:53.000,2013-08-26T22:35:53.000,2013-08-26T23:02:53.000,Quiet,1e-09,1.8000000000000001e-06,SDO / GOES-15/16,"SDOBenchmark (Bolzern & Aerni, FHNW) / NOAA SWPC"
GOES_AR11834_201308271425,AR-11834,2013-08-27T14:25:01.000,2013-08-27T14:43:01.000,2013-08-27T15:10:01.000,Quiet,9.058823529411764e-07,0.0016305882352941176,SDO / GOES-15/16,"SDOBenchmark (Bolzern & Aerni, FHNW) / NOAA SWPC"
GOES_AR11836_201308311530,AR-11836,2013-08-31T15:30:01.000,2013-08-31T15:48:01.000,2013-08-31T16:15:01.000,Quiet,8.588235294117647e-07,0.0015458823529411764,SDO / GOES-15/16,"SDOBenchmark (Bolzern & Aerni, FHNW) / NOAA SWPC"
GOES_AR11834_201309012010,AR-11834,2013-09-01T20:10:01.000,2013-09-01T20:28:01.000,2013-09-01T20:55:01.000,C2.0,2e-06,0.0036,SDO / GOES-15/16,"SDOBenchmark (Bolzern & Aerni, FHNW) / NOAA SWPC"
GOES_AR11836_201309060325,AR-11836,2013-09-06T03:25:00.000,2013-09-06T03:43:00.000,2013-09-06T04:10:00.000,C1.5,1.5294117647058826e-06,0.0027529411764705886,SDO / GOES-15/16,"SDOBenchmark (Bolzern & Aerni, FHNW) / NOAA SWPC"
GOES_AR11836_201309091855,AR-11836,2013-09-09T18:55:00.000,2013-09-09T19:13:00.000,2013-09-09T19:40:00.000,Quiet,1e-09,1.8000000000000001e-06,SDO / GOES-15/16,"SDOBenchmark (Bolzern & Aerni, FHNW) / NOAA SWPC"
GOES_AR11842_201309150550,AR-11842,2013-09-15T05:50:00.000,2013-09-15T06:08:00.000,2013-09-15T06:35:00.000,Quiet,1e-09,1.8000000000000001e-06,SDO / GOES-15/16,"SDOBenchmark (Bolzern & Aerni, FHNW) / NOAA SWPC"
GOES_AR11849_201309252325,AR-11849,2013-09-25T23:25:59.000,2013-09-25T23:43:59.000,2013-09-26T00:10:59.000,Quiet,1e-09,1.8000000000000001e-06,SDO / GOES-15/16,"SDOBenchmark (Bolzern & Aerni, FHNW) / NOAA SWPC"
GOES_AR11857_201310041750,AR-11857,2013-10-04T17:50:00.000,2013-10-04T18:08:00.000,2013-10-04T18:35:00.000,C2.1,2.11764705882353e-06,0.003811764705882354,SDO / GOES-15/16,"SDOBenchmark (Bolzern & Aerni, FHNW) / NOAA SWPC"
GOES_AR11870_201310190900,AR-11870,2013-10-19T09:00:00.000,2013-10-19T09:18:00.000,2013-10-19T09:45:00.000,Quiet,1e-09,1.8000000000000001e-06,SDO / GOES-15/16,"SDOBenchmark (Bolzern & Aerni, FHNW) / NOAA SWPC"
GOES_AR11879_201310231750,AR-11879,2013-10-23T17:50:00.000,2013-10-23T18:08:00.000,2013-10-23T18:35:00.000,Quiet,1e-09,1.8000000000000001e-06,SDO / GOES-15/16,"SDOBenchmark (Bolzern & Aerni, FHNW) / NOAA SWPC"
GOES_AR11882_201310292059,AR-11882,2013-10-29T20:59:00.000,2013-10-29T21:17:00.000,2013-10-29T21:44:00.000,M5.2,5.1764705882352943e-05,0.0931764705882353,SDO / GOES-15/16,"SDOBenchmark (Bolzern & Aerni, FHNW) / NOAA SWPC"
GOES_AR11890_201311081016,AR-11890,2013-11-08T10:16:01.000,2013-11-08T10:34:01.000,2013-11-08T11:01:01.000,X1.3,0.0001294117647058,0.23294117647044,SDO / GOES-15/16,"SDOBenchmark (Bolzern & Aerni, FHNW) / NOAA SWPC"
GOES_AR11891_201311081750,AR-11891,2013-11-08T17:50:00.000,2013-11-08T18:08:00.000,2013-11-08T18:35:00.000,M2.7,2.705882352941177e-05,0.04870588235294118,SDO / GOES-15/16,"SDOBenchmark (Bolzern & Aerni, FHNW) / NOAA SWPC"
GOES_AR11893_201311131743,AR-11893,2013-11-13T17:43:00.000,2013-11-13T18:01:00.000,2013-11-13T18:28:00.000,Quiet,1e-09,1.8000000000000001e-06,SDO / GOES-15/16,"SDOBenchmark (Bolzern & Aerni, FHNW) / NOAA SWPC"
GOES_AR11897_201311151725,AR-11897,2013-11-15T17:25:01.000,2013-11-15T17:43:01.000,2013-11-15T18:10:01.000,C8.8,8.823529411764708e-06,0.015882352941176476,SDO / GOES-15/16,"SDOBenchmark (Bolzern & Aerni, FHNW) / NOAA SWPC"
GOES_AR11903_201311192157,AR-11903,2013-11-19T21:57:00.000,2013-11-19T22:15:00.000,2013-11-19T22:42:00.000,Quiet,1e-09,1.8000000000000001e-06,SDO / GOES-15/16,"SDOBenchmark (Bolzern & Aerni, FHNW) / NOAA SWPC"
GOES_AR11915_201312071536,AR-11915,2013-12-07T15:36:00.000,2013-12-07T15:54:00.000,2013-12-07T16:21:00.000,Quiet,1e-09,1.8000000000000001e-06,SDO / GOES-15/16,"SDOBenchmark (Bolzern & Aerni, FHNW) / NOAA SWPC"
GOES_AR11928_201312191750,AR-11928,2013-12-19T17:50:00.000,2013-12-19T18:08:00.000,2013-12-19T18:35:00.000,C2.1,2.11764705882353e-06,0.003811764705882354,SDO / GOES-15/16,"SDOBenchmark (Bolzern & Aerni, FHNW) / NOAA SWPC"
GOES_AR11921_201312240120,AR-11921,2013-12-24T01:20:00.000,2013-12-24T01:38:00.000,2013-12-24T02:05:00.000,Quiet,1e-09,1.8000000000000001e-06,SDO / GOES-15/16,"SDOBenchmark (Bolzern & Aerni, FHNW) / NOAA SWPC"
GOES_AR11934_201312240120,AR-11934,2013-12-24T01:20:00.000,2013-12-24T01:38:00.000,2013-12-24T02:05:00.000,C2.0,2e-06,0.0036,SDO / GOES-15/16,"SDOBenchmark (Bolzern & Aerni, FHNW) / NOAA SWPC"
GOES_AR11928_201312240120,AR-11928,2013-12-24T01:20:00.000,2013-12-24T01:38:00.000,2013-12-24T02:05:00.000,M1.9,1.8823529411764708e-05,0.033882352941176475,SDO / GOES-15/16,"SDOBenchmark (Bolzern & Aerni, FHNW) / NOAA SWPC"
GOES_AR11936_201312271803,AR-11936,2013-12-27T18:03:01.000,2013-12-27T18:21:01.000,2013-12-27T18:48:01.000,C5.2,5.176470588235296e-06,0.009317647058823533,SDO / GOES-15/16,"SDOBenchmark (Bolzern & Aerni, FHNW) / NOAA SWPC"
GOES_AR11934_201312280519,AR-11934,2013-12-28T05:19:39.000,2013-12-28T05:37:39.000,2013-12-28T06:04:39.000,C2.4,2.3529411764705885e-06,0.004235294117647059,SDO / GOES-15/16,"SDOBenchmark (Bolzern & Aerni, FHNW) / NOAA SWPC"
GOES_AR11936_201312301346,AR-11936,2013-12-30T13:46:00.000,2013-12-30T14:04:00.000,2013-12-30T14:31:00.000,M3.6,3.647058823529412e-05,0.06564705882352942,SDO / GOES-15/16,"SDOBenchmark (Bolzern & Aerni, FHNW) / NOAA SWPC"
GOES_AR11931_201312311612,AR-11931,2013-12-31T16:12:59.000,2013-12-31T16:30:59.000,2013-12-31T16:57:59.000,Quiet,1e-09,1.8000000000000001e-06,SDO / GOES-15/16,"SDOBenchmark (Bolzern & Aerni, FHNW) / NOAA SWPC"
GOES_AR11941_201401031247,AR-11941,2014-01-03T12:47:34.000,2014-01-03T13:05:34.000,2014-01-03T13:32:34.000,Quiet,1e-09,1.8000000000000001e-06,SDO / GOES-15/16,"SDOBenchmark (Bolzern & Aerni, FHNW) / NOAA SWPC"
GOES_AR11943_201401041009,AR-11943,2014-01-04T10:09:20.000,2014-01-04T10:27:20.000,2014-01-04T10:54:20.000,Quiet,1e-09,1.8000000000000001e-06,SDO / GOES-15/16,"SDOBenchmark (Bolzern & Aerni, FHNW) / NOAA SWPC"
GOES_AR11944_201401041612,AR-11944,2014-01-04T16:12:17.000,2014-01-04T16:30:17.000,2014-01-04T16:57:17.000,M1.2,1.1764705882352942e-05,0.021176470588235297,SDO / GOES-15/16,"SDOBenchmark (Bolzern & Aerni, FHNW) / NOAA SWPC"
GOES_AR11936_201401050442,AR-11936,2014-01-05T04:42:01.000,2014-01-05T05:00:01.000,2014-01-05T05:27:01.000,M2.2,2.235294117647059e-05,0.040235294117647064,SDO / GOES-15/16,"SDOBenchmark (Bolzern & Aerni, FHNW) / NOAA SWPC"
GOES_AR11946_201401080945,AR-11946,2014-01-08T09:45:59.000,2014-01-08T10:03:59.000,2014-01-08T10:30:59.000,C4.0,4e-06,0.0072,SDO / GOES-15/16,"SDOBenchmark (Bolzern & Aerni, FHNW) / NOAA SWPC"
GOES_AR11948_201401101711,AR-11948,2014-01-10T17:11:02.000,2014-01-10T17:29:02.000,2014-01-10T17:56:02.000,Quiet,1e-09,1.8000000000000001e-06,SDO / GOES-15/16,"SDOBenchmark (Bolzern & Aerni, FHNW) / NOAA SWPC"
GOES_AR11951_201401121750,AR-11951,2014-01-12T17:50:00.000,2014-01-12T18:08:00.000,2014-01-12T18:35:00.000,Quiet,1e-09,1.8000000000000001e-06,SDO / GOES-15/16,"SDOBenchmark (Bolzern & Aerni, FHNW) / NOAA SWPC"
GOES_AR11944_201401150342,AR-11944,2014-01-15T03:42:59.000,2014-01-15T04:00:59.000,2014-01-15T04:27:59.000,C3.8,3.764705882352941e-06,0.0067764705882352935,SDO / GOES-15/16,"SDOBenchmark (Bolzern & Aerni, FHNW) / NOAA SWPC"
GOES_AR11963_201401250814,AR-11963,2014-01-25T08:14:59.000,2014-01-25T08:32:59.000,2014-01-25T08:59:59.000,Quiet,1e-09,1.8000000000000001e-06,SDO / GOES-15/16,"SDOBenchmark (Bolzern & Aerni, FHNW) / NOAA SWPC"
GOES_AR11958_201401260829,AR-11958,2014-01-26T08:29:00.000,2014-01-26T08:47:00.000,2014-01-26T09:14:00.000,Quiet,1e-09,1.8000000000000001e-06,SDO / GOES-15/16,"SDOBenchmark (Bolzern & Aerni, FHNW) / NOAA SWPC"
GOES_AR11975_201402121503,AR-11975,2014-02-12T15:03:37.000,2014-02-12T15:21:37.000,2014-02-12T15:48:37.000,Quiet,1e-09,1.8000000000000001e-06,SDO / GOES-15/16,"SDOBenchmark (Bolzern & Aerni, FHNW) / NOAA SWPC"
GOES_AR11977_201402181408,AR-11977,2014-02-18T14:08:00.000,2014-02-18T14:26:00.000,2014-02-18T14:53:00.000,C2.8,2.8235294117647062e-06,0.005082352941176471,SDO / GOES-15/16,"SDOBenchmark (Bolzern & Aerni, FHNW) / NOAA SWPC"
GOES_AR11984_201403012308,AR-11984,2014-03-01T23:08:00.000,2014-03-01T23:26:00.000,2014-03-01T23:53:00.000,Quiet,1e-09,1.8000000000000001e-06,SDO / GOES-15/16,"SDOBenchmark (Bolzern & Aerni, FHNW) / NOAA SWPC"
GOES_AR11982_201403021923,AR-11982,2014-03-02T19:23:00.000,2014-03-02T19:41:00.000,2014-03-02T20:08:00.000,M1.3,1.2941176470588236e-05,0.023294117647058826,SDO / GOES-15/16,"SDOBenchmark (Bolzern & Aerni, FHNW) / NOAA SWPC"
GOES_AR11982_201403021925,AR-11982,2014-03-02T19:25:47.000,2014-03-02T19:43:47.000,2014-03-02T20:10:47.000,M1.0,1.023529411764706e-05,0.018423529411764707,SDO / GOES-15/16,"SDOBenchmark (Bolzern & Aerni, FHNW) / NOAA SWPC"
GOES_AR11990_201403061855,AR-11990,2014-03-06T18:55:00.000,2014-03-06T19:13:00.000,2014-03-06T19:40:00.000,C1.5,1.5294117647058826e-06,0.0027529411764705886,SDO / GOES-15/16,"SDOBenchmark (Bolzern & Aerni, FHNW) / NOAA SWPC"
GOES_AR11990_201403110549,AR-11990,2014-03-11T05:49:59.000,2014-03-11T06:07:59.000,2014-03-11T06:34:59.000,Quiet,1e-09,1.8000000000000001e-06,SDO / GOES-15/16,"SDOBenchmark (Bolzern & Aerni, FHNW) / NOAA SWPC"
GOES_AR11998_201403142027,AR-11998,2014-03-14T20:27:01.000,2014-03-14T20:45:01.000,2014-03-14T21:12:01.000,Quiet,1e-09,1.8000000000000001e-06,SDO / GOES-15/16,"SDOBenchmark (Bolzern & Aerni, FHNW) / NOAA SWPC"
GOES_AR12002_201403170310,AR-12002,2014-03-17T03:10:01.000,2014-03-17T03:28:01.000,2014-03-17T03:55:01.000,C1.6,1.6470588235294118e-06,0.0029647058823529414,SDO / GOES-15/16,"SDOBenchmark (Bolzern & Aerni, FHNW) / NOAA SWPC"
GOES_AR12021_201404030121,AR-12021,2014-04-03T01:21:52.000,2014-04-03T01:39:52.000,2014-04-03T02:06:52.000,Quiet,1e-09,1.8000000000000001e-06,SDO / GOES-15/16,"SDOBenchmark (Bolzern & Aerni, FHNW) / NOAA SWPC"
GOES_AR12028_201404031750,AR-12028,2014-04-03T17:50:00.000,2014-04-03T18:08:00.000,2014-04-03T18:35:00.000,Quiet,1e-09,1.8000000000000001e-06,SDO / GOES-15/16,"SDOBenchmark (Bolzern & Aerni, FHNW) / NOAA SWPC"
GOES_AR12026_201404051547,AR-12026,2014-04-05T15:47:01.000,2014-04-05T16:05:01.000,2014-04-05T16:32:01.000,C1.9,1.8823529411764705e-06,0.0033882352941176468,SDO / GOES-15/16,"SDOBenchmark (Bolzern & Aerni, FHNW) / NOAA SWPC"
GOES_AR12026_201404061649,AR-12026,2014-04-06T16:49:59.000,2014-04-06T17:07:59.000,2014-04-06T17:34:59.000,Quiet,7.176470588235293e-07,0.0012917647058823527,SDO / GOES-15/16,"SDOBenchmark (Bolzern & Aerni, FHNW) / NOAA SWPC"
GOES_AR12039_201404191017,AR-12039,2014-04-19T10:17:55.000,2014-04-19T10:35:55.000,2014-04-19T11:02:55.000,Quiet,1e-09,1.8000000000000001e-06,SDO / GOES-15/16,"SDOBenchmark (Bolzern & Aerni, FHNW) / NOAA SWPC"
GOES_AR12032_201404200122,AR-12032,2014-04-20T01:22:01.000,2014-04-20T01:40:01.000,2014-04-20T02:07:01.000,C5.5,5.5294117647058815e-06,0.009952941176470586,SDO / GOES-15/16,"SDOBenchmark (Bolzern & Aerni, FHNW) / NOAA SWPC"
GOES_AR12034_201404211107,AR-12034,2014-04-21T11:07:15.000,2014-04-21T11:25:15.000,2014-04-21T11:52:15.000,C2.0,2e-06,0.0036,SDO / GOES-15/16,"SDOBenchmark (Bolzern & Aerni, FHNW) / NOAA SWPC"
GOES_AR12037_201404211141,AR-12037,2014-04-21T11:41:53.000,2014-04-21T11:59:53.000,2014-04-21T12:26:53.000,Quiet,1e-09,1.8000000000000001e-06,SDO / GOES-15/16,"SDOBenchmark (Bolzern & Aerni, FHNW) / NOAA SWPC"
GOES_AR12036_201404211224,AR-12036,2014-04-21T12:24:01.000,2014-04-21T12:42:01.000,2014-04-21T13:09:01.000,C1.4,1.4117647058823531e-06,0.0025411764705882355,SDO / GOES-15/16,"SDOBenchmark (Bolzern & Aerni, FHNW) / NOAA SWPC"
GOES_AR12044_201404260543,AR-12044,2014-04-26T05:43:00.000,2014-04-26T06:01:00.000,2014-04-26T06:28:00.000,Quiet,1e-09,1.8000000000000001e-06,SDO / GOES-15/16,"SDOBenchmark (Bolzern & Aerni, FHNW) / NOAA SWPC"
GOES_AR12049_201405081217,AR-12049,2014-05-08T12:17:04.000,2014-05-08T12:35:04.000,2014-05-08T13:02:04.000,Quiet,1e-09,1.8000000000000001e-06,SDO / GOES-15/16,"SDOBenchmark (Bolzern & Aerni, FHNW) / NOAA SWPC"
GOES_AR12057_201405120349,AR-12057,2014-05-12T03:49:00.000,2014-05-12T04:07:00.000,2014-05-12T04:34:00.000,Quiet,1e-09,1.8000000000000001e-06,SDO / GOES-15/16,"SDOBenchmark (Bolzern & Aerni, FHNW) / NOAA SWPC"
GOES_AR12056_201405140414,AR-12056,2014-05-14T04:14:01.000,2014-05-14T04:32:01.000,2014-05-14T04:59:01.000,C8.0,8e-06,0.0144,SDO / GOES-15/16,"SDOBenchmark (Bolzern & Aerni, FHNW) / NOAA SWPC"
GOES_AR12064_201405161902,AR-12064,2014-05-16T19:02:00.000,2014-05-16T19:20:00.000,2014-05-16T19:47:00.000,Quiet,1e-09,1.8000000000000001e-06,SDO / GOES-15/16,"SDOBenchmark (Bolzern & Aerni, FHNW) / NOAA SWPC"
GOES_AR12060_201405200738,AR-12060,2014-05-20T07:38:01.000,2014-05-20T07:56:01.000,2014-05-20T08:23:01.000,C2.2,2.2352941176470592e-06,0.004023529411764706,SDO / GOES-15/16,"SDOBenchmark (Bolzern & Aerni, FHNW) / NOAA SWPC"
GOES_AR12072_201405290550,AR-12072,2014-05-29T05:50:00.000,2014-05-29T06:08:00.000,2014-05-29T06:35:00.000,Quiet,1e-09,1.8000000000000001e-06,SDO / GOES-15/16,"SDOBenchmark (Bolzern & Aerni, FHNW) / NOAA SWPC"
GOES_AR12076_201405311913,AR-12076,2014-05-31T19:13:01.000,2014-05-31T19:31:01.000,2014-05-31T19:58:01.000,Quiet,7.058823529411766e-07,0.0012705882352941178,SDO / GOES-15/16,"SDOBenchmark (Bolzern & Aerni, FHNW) / NOAA SWPC"
GOES_AR12079_201406040525,AR-12079,2014-06-04T05:25:00.000,2014-06-04T05:43:00.000,2014-06-04T06:10:00.000,Quiet,1e-09,1.8000000000000001e-06,SDO / GOES-15/16,"SDOBenchmark (Bolzern & Aerni, FHNW) / NOAA SWPC"
GOES_AR12083_201406071750,AR-12083,2014-06-07T17:50:00.000,2014-06-07T18:08:00.000,2014-06-07T18:35:00.000,C3.5,3.5294117647058825e-06,0.006352941176470588,SDO / GOES-15/16,"SDOBenchmark (Bolzern & Aerni, FHNW) / NOAA SWPC"
GOES_AR12084_201406112216,AR-12084,2014-06-11T22:16:30.000,2014-06-11T22:34:30.000,2014-06-11T23:01:30.000,Quiet,1e-09,1.8000000000000001e-06,SDO / GOES-15/16,"SDOBenchmark (Bolzern & Aerni, FHNW) / NOAA SWPC"
GOES_AR12082_201406141752,AR-12082,2014-06-14T17:52:00.000,2014-06-14T18:10:00.000,2014-06-14T18:37:00.000,C2.9,2.9411764705882355e-06,0.005294117647058824,SDO / GOES-15/16,"SDOBenchmark (Bolzern & Aerni, FHNW) / NOAA SWPC"
GOES_AR12085_201406150113,AR-12085,2014-06-15T01:13:00.000,2014-06-15T01:31:00.000,2014-06-15T01:58:00.000,C2.8,2.8235294117647062e-06,0.005082352941176471,SDO / GOES-15/16,"SDOBenchmark (Bolzern & Aerni, FHNW) / NOAA SWPC"
GOES_AR12089_201406202137,AR-12089,2014-06-20T21:37:00.000,2014-06-20T21:55:00.000,2014-06-20T22:22:00.000,Quiet,1e-09,1.8000000000000001e-06,SDO / GOES-15/16,"SDOBenchmark (Bolzern & Aerni, FHNW) / NOAA SWPC"
GOES_AR12092_201406231038,AR-12092,2014-06-23T10:38:01.000,2014-06-23T10:56:01.000,2014-06-23T11:23:01.000,Quiet,4.941176470588235e-07,0.0008894117647058823,SDO / GOES-15/16,"SDOBenchmark (Bolzern & Aerni, FHNW) / NOAA SWPC"
GOES_AR12103_201406301750,AR-12103,2014-06-30T17:50:00.000,2014-06-30T18:08:00.000,2014-06-30T18:35:00.000,Quiet,1e-09,1.8000000000000001e-06,SDO / GOES-15/16,"SDOBenchmark (Bolzern & Aerni, FHNW) / NOAA SWPC"
GOES_AR12106_201407011750,AR-12106,2014-07-01T17:50:00.000,2014-07-01T18:08:00.000,2014-07-01T18:35:00.000,M1.6,1.6470588235294116e-05,0.02964705882352941,SDO / GOES-15/16,"SDOBenchmark (Bolzern & Aerni, FHNW) / NOAA SWPC"
GOES_AR12105_201407020655,AR-12105,2014-07-02T06:55:19.000,2014-07-02T07:13:19.000,2014-07-02T07:40:19.000,Quiet,1e-09,1.8000000000000001e-06,SDO / GOES-15/16,"SDOBenchmark (Bolzern & Aerni, FHNW) / NOAA SWPC"
GOES_AR12097_201407030921,AR-12097,2014-07-03T09:21:59.000,2014-07-03T09:39:59.000,2014-07-03T10:06:59.000,Quiet,1e-09,1.8000000000000001e-06,SDO / GOES-15/16,"SDOBenchmark (Bolzern & Aerni, FHNW) / NOAA SWPC"
GOES_AR12109_201407131453,AR-12109,2014-07-13T14:53:01.000,2014-07-13T15:11:01.000,2014-07-13T15:38:01.000,C7.5,7.529411764705882e-06,0.013552941176470587,SDO / GOES-15/16,"SDOBenchmark (Bolzern & Aerni, FHNW) / NOAA SWPC"
GOES_AR12125_201407281750,AR-12125,2014-07-28T17:50:00.000,2014-07-28T18:08:00.000,2014-07-28T18:35:00.000,C1.4,1.4117647058823531e-06,0.0025411764705882355,SDO / GOES-15/16,"SDOBenchmark (Bolzern & Aerni, FHNW) / NOAA SWPC"
GOES_AR12127_201407301138,AR-12127,2014-07-30T11:38:01.000,2014-07-30T11:56:01.000,2014-07-30T12:23:01.000,C2.2,2.2352941176470592e-06,0.004023529411764706,SDO / GOES-15/16,"SDOBenchmark (Bolzern & Aerni, FHNW) / NOAA SWPC"
GOES_AR12121_201407310457,AR-12121,2014-07-31T04:57:00.000,2014-07-31T05:15:00.000,2014-07-31T05:42:00.000,Quiet,1e-09,1.8000000000000001e-06,SDO / GOES-15/16,"SDOBenchmark (Bolzern & Aerni, FHNW) / NOAA SWPC"
GOES_AR12121_201408031413,AR-12121,2014-08-03T14:13:33.000,2014-08-03T14:31:33.000,2014-08-03T14:58:33.000,Quiet,1e-09,1.8000000000000001e-06,SDO / GOES-15/16,"SDOBenchmark (Bolzern & Aerni, FHNW) / NOAA SWPC"
GOES_AR12125_201408040549,AR-12125,2014-08-04T05:49:59.000,2014-08-04T06:07:59.000,2014-08-04T06:34:59.000,Quiet,1e-09,1.8000000000000001e-06,SDO / GOES-15/16,"SDOBenchmark (Bolzern & Aerni, FHNW) / NOAA SWPC"
GOES_AR12132_201408050448,AR-12132,2014-08-05T04:48:01.000,2014-08-05T05:06:01.000,2014-08-05T05:33:01.000,C1.2,1.152941176470588e-06,0.0020752941176470584,SDO / GOES-15/16,"SDOBenchmark (Bolzern & Aerni, FHNW) / NOAA SWPC"
GOES_AR12126_201408050550,AR-12126,2014-08-05T05:50:00.000,2014-08-05T06:08:00.000,2014-08-05T06:35:00.000,C4.0,4e-06,0.0072,SDO / GOES-15/16,"SDOBenchmark (Bolzern & Aerni, FHNW) / NOAA SWPC"
GOES_AR12132_201408052008,AR-12132,2014-08-05T20:08:01.000,2014-08-05T20:26:01.000,2014-08-05T20:53:01.000,C2.6,2.588235294117648e-06,0.0046588235294117665,SDO / GOES-15/16,"SDOBenchmark (Bolzern & Aerni, FHNW) / NOAA SWPC"
GOES_AR12132_201408070217,AR-12132,2014-08-07T02:17:00.000,2014-08-07T02:35:00.000,2014-08-07T03:02:00.000,C2.9,2.9411764705882355e-06,0.005294117647058824,SDO / GOES-15/16,"SDOBenchmark (Bolzern & Aerni, FHNW) / NOAA SWPC"
GOES_AR12132_201408091854,AR-12132,2014-08-09T18:54:16.000,2014-08-09T19:12:16.000,2014-08-09T19:39:16.000,C1.2,1.1764705882352942e-06,0.0021176470588235297,SDO / GOES-15/16,"SDOBenchmark (Bolzern & Aerni, FHNW) / NOAA SWPC"
GOES_AR12130_201408100354,AR-12130,2014-08-10T03:54:07.000,2014-08-10T04:12:07.000,2014-08-10T04:39:07.000,Quiet,1e-09,1.8000000000000001e-06,SDO / GOES-15/16,"SDOBenchmark (Bolzern & Aerni, FHNW) / NOAA SWPC"
GOES_AR12135_201408120453,AR-12135,2014-08-12T04:53:20.000,2014-08-12T05:11:20.000,2014-08-12T05:38:20.000,Quiet,1e-09,1.8000000000000001e-06,SDO / GOES-15/16,"SDOBenchmark (Bolzern & Aerni, FHNW) / NOAA SWPC"
GOES_AR12139_201408151009,AR-12139,2014-08-15T10:09:00.000,2014-08-15T10:27:00.000,2014-08-15T10:54:00.000,Quiet,7.411764705882351e-07,0.0013341176470588233,SDO / GOES-15/16,"SDOBenchmark (Bolzern & Aerni, FHNW) / NOAA SWPC"
GOES_AR12143_201408161750,AR-12143,2014-08-16T17:50:00.000,2014-08-16T18:08:00.000,2014-08-16T18:35:00.000,Quiet,1e-09,1.8000000000000001e-06,SDO / GOES-15/16,"SDOBenchmark (Bolzern & Aerni, FHNW) / NOAA SWPC"
GOES_AR12150_201408271708,AR-12150,2014-08-27T17:08:00.000,2014-08-27T17:26:00.000,2014-08-27T17:53:00.000,Quiet,1e-09,1.8000000000000001e-06,SDO / GOES-15/16,"SDOBenchmark (Bolzern & Aerni, FHNW) / NOAA SWPC"
GOES_AR12154_201409061202,AR-12154,2014-09-06T12:02:34.000,2014-09-06T12:20:34.000,2014-09-06T12:47:34.000,Quiet,1e-09,1.8000000000000001e-06,SDO / GOES-15/16,"SDOBenchmark (Bolzern & Aerni, FHNW) / NOAA SWPC"
GOES_AR12164_201409180329,AR-12164,2014-09-18T03:29:01.000,2014-09-18T03:47:01.000,2014-09-18T04:14:01.000,C4.1,4.117647058823529e-06,0.007411764705882352,SDO / GOES-15/16,"SDOBenchmark (Bolzern & Aerni, FHNW) / NOAA SWPC"
GOES_AR12167_201409180851,AR-12167,2014-09-18T08:51:34.000,2014-09-18T09:09:34.000,2014-09-18T09:36:34.000,Quiet,1e-09,1.8000000000000001e-06,SDO / GOES-15/16,"SDOBenchmark (Bolzern & Aerni, FHNW) / NOAA SWPC"
GOES_AR12169_201409270455,AR-12169,2014-09-27T04:55:59.000,2014-09-27T05:13:59.000,2014-09-27T05:40:59.000,Quiet,1e-09,1.8000000000000001e-06,SDO / GOES-15/16,"SDOBenchmark (Bolzern & Aerni, FHNW) / NOAA SWPC"
GOES_AR12173_201409290909,AR-12173,2014-09-29T09:09:00.000,2014-09-29T09:27:00.000,2014-09-29T09:54:00.000,M1.2,1.1764705882352942e-05,0.021176470588235297,SDO / GOES-15/16,"SDOBenchmark (Bolzern & Aerni, FHNW) / NOAA SWPC"
GOES_AR12176_201410041531,AR-12176,2014-10-04T15:31:25.000,2014-10-04T15:49:25.000,2014-10-04T16:16:25.000,Quiet,1e-09,1.8000000000000001e-06,SDO / GOES-15/16,"SDOBenchmark (Bolzern & Aerni, FHNW) / NOAA SWPC"
GOES_AR12183_201410051750,AR-12183,2014-10-05T17:50:00.000,2014-10-05T18:08:00.000,2014-10-05T18:35:00.000,Quiet,1e-09,1.8000000000000001e-06,SDO / GOES-15/16,"SDOBenchmark (Bolzern & Aerni, FHNW) / NOAA SWPC"
GOES_AR12187_201410162035,AR-12187,2014-10-16T20:35:25.000,2014-10-16T20:53:25.000,2014-10-16T21:20:25.000,Quiet,1e-09,1.8000000000000001e-06,SDO / GOES-15/16,"SDOBenchmark (Bolzern & Aerni, FHNW) / NOAA SWPC"
GOES_AR12193_201410221703,AR-12193,2014-10-22T17:03:00.000,2014-10-22T17:21:00.000,2014-10-22T17:48:00.000,Quiet,1e-09,1.8000000000000001e-06,SDO / GOES-15/16,"SDOBenchmark (Bolzern & Aerni, FHNW) / NOAA SWPC"
GOES_AR12196_201410280554,AR-12196,2014-10-28T05:54:37.000,2014-10-28T06:12:37.000,2014-10-28T06:39:37.000,Quiet,1e-09,1.8000000000000001e-06,SDO / GOES-15/16,"SDOBenchmark (Bolzern & Aerni, FHNW) / NOAA SWPC"
GOES_AR12202_201411050947,AR-12202,2014-11-05T09:47:44.000,2014-11-05T10:05:44.000,2014-11-05T10:32:44.000,Quiet,1e-09,1.8000000000000001e-06,SDO / GOES-15/16,"SDOBenchmark (Bolzern & Aerni, FHNW) / NOAA SWPC"
GOES_AR12207_201411131750,AR-12207,2014-11-13T17:50:00.000,2014-11-13T18:08:00.000,2014-11-13T18:35:00.000,Quiet,1e-09,1.8000000000000001e-06,SDO / GOES-15/16,"SDOBenchmark (Bolzern & Aerni, FHNW) / NOAA SWPC"
GOES_AR12205_201411142058,AR-12205,2014-11-14T20:58:01.000,2014-11-14T21:16:01.000,2014-11-14T21:43:01.000,C3.6,3.647058823529412e-06,0.006564705882352942,SDO / GOES-15/16,"SDOBenchmark (Bolzern & Aerni, FHNW) / NOAA SWPC"
GOES_AR12209_201411210146,AR-12209,2014-11-21T01:46:01.000,2014-11-21T02:04:01.000,2014-11-21T02:31:01.000,C2.9,2.9411764705882355e-06,0.005294117647058824,SDO / GOES-15/16,"SDOBenchmark (Bolzern & Aerni, FHNW) / NOAA SWPC"
GOES_AR12214_201411231707,AR-12214,2014-11-23T17:07:08.000,2014-11-23T17:25:08.000,2014-11-23T17:52:08.000,Quiet,1e-09,1.8000000000000001e-06,SDO / GOES-15/16,"SDOBenchmark (Bolzern & Aerni, FHNW) / NOAA SWPC"
GOES_AR12219_201412040549,AR-12219,2014-12-04T05:49:59.000,2014-12-04T06:07:59.000,2014-12-04T06:34:59.000,Quiet,1e-09,1.8000000000000001e-06,SDO / GOES-15/16,"SDOBenchmark (Bolzern & Aerni, FHNW) / NOAA SWPC"
GOES_AR12225_201412041750,AR-12225,2014-12-04T17:50:00.000,2014-12-04T18:08:00.000,2014-12-04T18:35:00.000,Quiet,1e-09,1.8000000000000001e-06,SDO / GOES-15/16,"SDOBenchmark (Bolzern & Aerni, FHNW) / NOAA SWPC"
GOES_AR12231_201412100931,AR-12231,2014-12-10T09:31:00.000,2014-12-10T09:49:00.000,2014-12-10T10:16:00.000,Quiet,1e-09,1.8000000000000001e-06,SDO / GOES-15/16,"SDOBenchmark (Bolzern & Aerni, FHNW) / NOAA SWPC"
GOES_AR12236_201412152139,AR-12236,2014-12-15T21:39:18.000,2014-12-15T21:57:18.000,2014-12-15T22:24:18.000,Quiet,1e-09,1.8000000000000001e-06,SDO / GOES-15/16,"SDOBenchmark (Bolzern & Aerni, FHNW) / NOAA SWPC"
GOES_AR12241_201412260827,AR-12241,2014-12-26T08:27:00.000,2014-12-26T08:45:00.000,2014-12-26T09:12:00.000,Quiet,1e-09,1.8000000000000001e-06,SDO / GOES-15/16,"SDOBenchmark (Bolzern & Aerni, FHNW) / NOAA SWPC"
GOES_AR12247_201412261154,AR-12247,2014-12-26T11:54:22.000,2014-12-26T12:12:22.000,2014-12-26T12:39:22.000,Quiet,1e-09,1.8000000000000001e-06,SDO / GOES-15/16,"SDOBenchmark (Bolzern & Aerni, FHNW) / NOAA SWPC"
GOES_AR12248_201412272055,AR-12248,2014-12-27T20:55:01.000,2014-12-27T21:13:01.000,2014-12-27T21:40:01.000,C1.5,1.5294117647058826e-06,0.0027529411764705886,SDO / GOES-15/16,"SDOBenchmark (Bolzern & Aerni, FHNW) / NOAA SWPC"
GOES_AR12253_201501011750,AR-12253,2015-01-01T17:50:00.000,2015-01-01T18:08:00.000,2015-01-01T18:35:00.000,C2.5,2.4705882352941173e-06,0.004447058823529411,SDO / GOES-15/16,"SDOBenchmark (Bolzern & Aerni, FHNW) / NOAA SWPC"
GOES_AR12254_201501021750,AR-12254,2015-01-02T17:50:00.000,2015-01-02T18:08:00.000,2015-01-02T18:35:00.000,Quiet,1e-09,1.8000000000000001e-06,SDO / GOES-15/16,"SDOBenchmark (Bolzern & Aerni, FHNW) / NOAA SWPC"
GOES_AR12259_201501150016,AR-12259,2015-01-15T00:16:01.000,2015-01-15T00:34:01.000,2015-01-15T01:01:01.000,C2.7,2.705882352941177e-06,0.004870588235294119,SDO / GOES-15/16,"SDOBenchmark (Bolzern & Aerni, FHNW) / NOAA SWPC"
GOES_AR12265_201501211040,AR-12265,2015-01-21T10:40:26.000,2015-01-21T10:58:26.000,2015-01-21T11:25:26.000,Quiet,1e-09,1.8000000000000001e-06,SDO / GOES-15/16,"SDOBenchmark (Bolzern & Aerni, FHNW) / NOAA SWPC"
GOES_AR12277_201502030121,AR-12277,2015-02-03T01:21:22.000,2015-02-03T01:39:22.000,2015-02-03T02:06:22.000,C1.2,1.1764705882352942e-06,0.0021176470588235297,SDO / GOES-15/16,"SDOBenchmark (Bolzern & Aerni, FHNW) / NOAA SWPC"
GOES_AR12272_201502030319,AR-12272,2015-02-03T03:19:17.000,2015-02-03T03:37:17.000,2015-02-03T04:04:17.000,Quiet,1e-09,1.8000000000000001e-06,SDO / GOES-15/16,"SDOBenchmark (Bolzern & Aerni, FHNW) / NOAA SWPC"
GOES_AR12290_201502241544,AR-12290,2015-02-24T15:44:00.000,2015-02-24T16:02:00.000,2015-02-24T16:29:00.000,Quiet,1e-09,1.8000000000000001e-06,SDO / GOES-15/16,"SDOBenchmark (Bolzern & Aerni, FHNW) / NOAA SWPC"
GOES_AR12290_201503011103,AR-12290,2015-03-01T11:03:01.000,2015-03-01T11:21:01.000,2015-03-01T11:48:01.000,C4.4,4.352941176470588e-06,0.007835294117647058,SDO / GOES-15/16,"SDOBenchmark (Bolzern & Aerni, FHNW) / NOAA SWPC"
GOES_AR12292_201503041629,AR-12292,2015-03-04T16:29:01.000,2015-03-04T16:47:01.000,2015-03-04T17:14:01.000,C3.3,3.294117647058824e-06,0.005929411764705884,SDO / GOES-15/16,"SDOBenchmark (Bolzern & Aerni, FHNW) / NOAA SWPC"
GOES_AR12297_201503090447,AR-12297,2015-03-09T04:47:59.000,2015-03-09T05:05:59.000,2015-03-09T05:32:59.000,C1.3,1.2941176470588237e-06,0.002329411764705883,SDO / GOES-15/16,"SDOBenchmark (Bolzern & Aerni, FHNW) / NOAA SWPC"
GOES_AR12298_201503150549,AR-12298,2015-03-15T05:49:59.000,2015-03-15T06:07:59.000,2015-03-15T06:34:59.000,Quiet,1e-09,1.8000000000000001e-06,SDO / GOES-15/16,"SDOBenchmark (Bolzern & Aerni, FHNW) / NOAA SWPC"
GOES_AR12297_201503151041,AR-12297,2015-03-15T10:41:25.000,2015-03-15T10:59:25.000,2015-03-15T11:26:25.000,M1.1,1.0705882352941176e-05,0.019270588235294116,SDO / GOES-15/16,"SDOBenchmark (Bolzern & Aerni, FHNW) / NOAA SWPC"
GOES_AR12303_201503291913,AR-12303,2015-03-29T19:13:01.000,2015-03-29T19:31:01.000,2015-03-29T19:58:01.000,C3.2,3.1764705882352943e-06,0.0057176470588235296,SDO / GOES-15/16,"SDOBenchmark (Bolzern & Aerni, FHNW) / NOAA SWPC"
GOES_AR12316_201504011810,AR-12316,2015-04-01T18:10:00.000,2015-04-01T18:28:00.000,2015-04-01T18:55:00.000,Quiet,1e-09,1.8000000000000001e-06,SDO / GOES-15/16,"SDOBenchmark (Bolzern & Aerni, FHNW) / NOAA SWPC"
GOES_AR12320_201504080557,AR-12320,2015-04-08T05:57:01.000,2015-04-08T06:15:01.000,2015-04-08T06:42:01.000,C1.2,1.1764705882352942e-06,0.0021176470588235297,SDO / GOES-15/16,"SDOBenchmark (Bolzern & Aerni, FHNW) / NOAA SWPC"
GOES_AR12318_201504080824,AR-12318,2015-04-08T08:24:00.000,2015-04-08T08:42:00.000,2015-04-08T09:09:00.000,C1.0,1.011764705882353e-06,0.0018211764705882354,SDO / GOES-15/16,"SDOBenchmark (Bolzern & Aerni, FHNW) / NOAA SWPC"
GOES_AR12322_201504180521,AR-12322,2015-04-18T05:21:43.000,2015-04-18T05:39:43.000,2015-04-18T06:06:43.000,Quiet,1e-09,1.8000000000000001e-06,SDO / GOES-15/16,"SDOBenchmark (Bolzern & Aerni, FHNW) / NOAA SWPC"
GOES_AR12324_201504181119,AR-12324,2015-04-18T11:19:31.000,2015-04-18T11:37:31.000,2015-04-18T12:04:31.000,C1.4,1.4117647058823531e-06,0.0025411764705882355,SDO / GOES-15/16,"SDOBenchmark (Bolzern & Aerni, FHNW) / NOAA SWPC"
GOES_AR12326_201504181750,AR-12326,2015-04-18T17:50:00.000,2015-04-18T18:08:00.000,2015-04-18T18:35:00.000,Quiet,1e-09,1.8000000000000001e-06,SDO / GOES-15/16,"SDOBenchmark (Bolzern & Aerni, FHNW) / NOAA SWPC"
GOES_AR12324_201504200651,AR-12324,2015-04-20T06:51:47.000,2015-04-20T07:09:47.000,2015-04-20T07:36:47.000,C1.1,1.0941176470588237e-06,0.0019694117647058827,SDO / GOES-15/16,"SDOBenchmark (Bolzern & Aerni, FHNW) / NOAA SWPC"
GOES_AR12333_201504280707,AR-12333,2015-04-28T07:07:30.000,2015-04-28T07:25:30.000,2015-04-28T07:52:30.000,Quiet,1e-09,1.8000000000000001e-06,SDO / GOES-15/16,"SDOBenchmark (Bolzern & Aerni, FHNW) / NOAA SWPC"
GOES_AR12337_201505070252,AR-12337,2015-05-07T02:52:00.000,2015-05-07T03:10:00.000,2015-05-07T03:37:00.000,Quiet,1e-09,1.8000000000000001e-06,SDO / GOES-15/16,"SDOBenchmark (Bolzern & Aerni, FHNW) / NOAA SWPC"
GOES_AR12341_201505130511,AR-12341,2015-05-13T05:11:11.000,2015-05-13T05:29:11.000,2015-05-13T05:56:11.000,Quiet,1e-09,1.8000000000000001e-06,SDO / GOES-15/16,"SDOBenchmark (Bolzern & Aerni, FHNW) / NOAA SWPC"
GOES_AR12341_201505171400,AR-12341,2015-05-17T14:00:29.000,2015-05-17T14:18:29.000,2015-05-17T14:45:29.000,Quiet,1e-09,1.8000000000000001e-06,SDO / GOES-15/16,"SDOBenchmark (Bolzern & Aerni, FHNW) / NOAA SWPC"
GOES_AR12341_201505180242,AR-12341,2015-05-18T02:42:11.000,2015-05-18T03:00:11.000,2015-05-18T03:27:11.000,Quiet,1e-09,1.8000000000000001e-06,SDO / GOES-15/16,"SDOBenchmark (Bolzern & Aerni, FHNW) / NOAA SWPC"
GOES_AR12342_201505191649,AR-12342,2015-05-19T16:49:00.000,2015-05-19T17:07:00.000,2015-05-19T17:34:00.000,Quiet,7.882352941176471e-07,0.0014188235294117647,SDO / GOES-15/16,"SDOBenchmark (Bolzern & Aerni, FHNW) / NOAA SWPC"
GOES_AR12349_201505201750,AR-12349,2015-05-20T17:50:00.000,2015-05-20T18:08:00.000,2015-05-20T18:35:00.000,C1.9,1.8823529411764705e-06,0.0033882352941176468,SDO / GOES-15/16,"SDOBenchmark (Bolzern & Aerni, FHNW) / NOAA SWPC"
GOES_AR12346_201505231201,AR-12346,2015-05-23T12:01:00.000,2015-05-23T12:19:00.000,2015-05-23T12:46:00.000,Quiet,1e-09,1.8000000000000001e-06,SDO / GOES-15/16,"SDOBenchmark (Bolzern & Aerni, FHNW) / NOAA SWPC"
GOES_AR12353_201505241750,AR-12353,2015-05-24T17:50:00.000,2015-05-24T18:08:00.000,2015-05-24T18:35:00.000,Quiet,4.588235294117648e-07,0.0008258823529411766,SDO / GOES-15/16,"SDOBenchmark (Bolzern & Aerni, FHNW) / NOAA SWPC"
GOES_AR12349_201505250546,AR-12349,2015-05-25T05:46:00.000,2015-05-25T06:04:00.000,2015-05-25T06:31:00.000,Quiet,7.529411764705883e-07,0.001355294117647059,SDO / GOES-15/16,"SDOBenchmark (Bolzern & Aerni, FHNW) / NOAA SWPC"
GOES_AR12356_201506031812,AR-12356,2015-06-03T18:12:00.000,2015-06-03T18:30:00.000,2015-06-03T18:57:00.000,Quiet,1e-09,1.8000000000000001e-06,SDO / GOES-15/16,"SDOBenchmark (Bolzern & Aerni, FHNW) / NOAA SWPC"
GOES_AR12363_201506071750,AR-12363,2015-06-07T17:50:00.000,2015-06-07T18:08:00.000,2015-06-07T18:35:00.000,Quiet,1e-09,1.8000000000000001e-06,SDO / GOES-15/16,"SDOBenchmark (Bolzern & Aerni, FHNW) / NOAA SWPC"
GOES_AR12360_201506090943,AR-12360,2015-06-09T09:43:01.000,2015-06-09T10:01:01.000,2015-06-09T10:28:01.000,C6.8,6.8235294117647065e-06,0.012282352941176472,SDO / GOES-15/16,"SDOBenchmark (Bolzern & Aerni, FHNW) / NOAA SWPC"
GOES_AR12360_201506110833,AR-12360,2015-06-11T08:33:01.000,2015-06-11T08:51:01.000,2015-06-11T09:18:01.000,C5.4,5.411764705882353e-06,0.009741176470588236,SDO / GOES-15/16,"SDOBenchmark (Bolzern & Aerni, FHNW) / NOAA SWPC"
GOES_AR12370_201506161750,AR-12370,2015-06-16T17:50:00.000,2015-06-16T18:08:00.000,2015-06-16T18:35:00.000,Quiet,1e-09,1.8000000000000001e-06,SDO / GOES-15/16,"SDOBenchmark (Bolzern & Aerni, FHNW) / NOAA SWPC"
GOES_AR12367_201506180411,AR-12367,2015-06-18T04:11:12.000,2015-06-18T04:29:12.000,2015-06-18T04:56:12.000,C1.9,1.8823529411764705e-06,0.0033882352941176468,SDO / GOES-15/16,"SDOBenchmark (Bolzern & Aerni, FHNW) / NOAA SWPC"
GOES_AR12371_201506210824,AR-12371,2015-06-21T08:24:01.000,2015-06-21T08:42:01.000,2015-06-21T09:09:01.000,M3.2,3.1764705882352945e-05,0.0571764705882353,SDO / GOES-15/16,"SDOBenchmark (Bolzern & Aerni, FHNW) / NOAA SWPC"
GOES_AR12371_201506230013,AR-12371,2015-06-23T00:13:01.000,2015-06-23T00:31:01.000,2015-06-23T00:58:01.000,M7.6,7.64705882352941e-05,0.13764705882352937,SDO / GOES-15/16,"SDOBenchmark (Bolzern & Aerni, FHNW) / NOAA SWPC"
GOES_AR12381_201507061750,AR-12381,2015-07-06T17:50:00.000,2015-07-06T18:08:00.000,2015-07-06T18:35:00.000,M1.2,1.1764705882352942e-05,0.021176470588235297,SDO / GOES-15/16,"SDOBenchmark (Bolzern & Aerni, FHNW) / NOAA SWPC"
GOES_AR12379_201507101350,AR-12379,2015-07-10T13:50:38.000,2015-07-10T14:08:38.000,2015-07-10T14:35:38.000,Quiet,1e-09,1.8000000000000001e-06,SDO / GOES-15/16,"SDOBenchmark (Bolzern & Aerni, FHNW) / NOAA SWPC"
GOES_AR12385_201507130510,AR-12385,2015-07-13T05:10:56.000,2015-07-13T05:28:56.000,2015-07-13T05:55:56.000,Quiet,8.117647058823529e-07,0.0014611764705882353,SDO / GOES-15/16,"SDOBenchmark (Bolzern & Aerni, FHNW) / NOAA SWPC"
GOES_AR12386_201507160538,AR-12386,2015-07-16T05:38:00.000,2015-07-16T05:56:00.000,2015-07-16T06:23:00.000,Quiet,1e-09,1.8000000000000001e-06,SDO / GOES-15/16,"SDOBenchmark (Bolzern & Aerni, FHNW) / NOAA SWPC"
GOES_AR12387_201507231810,AR-12387,2015-07-23T18:10:00.000,2015-07-23T18:28:00.000,2015-07-23T18:55:00.000,Quiet,1e-09,1.8000000000000001e-06,SDO / GOES-15/16,"SDOBenchmark (Bolzern & Aerni, FHNW) / NOAA SWPC"
GOES_AR12391_201508040524,AR-12391,2015-08-04T05:24:00.000,2015-08-04T05:42:00.000,2015-08-04T06:09:00.000,Quiet,6.352941176470589e-07,0.001143529411764706,SDO / GOES-15/16,"SDOBenchmark (Bolzern & Aerni, FHNW) / NOAA SWPC"
GOES_AR12394_201508090009,AR-12394,2015-08-09T00:09:00.000,2015-08-09T00:27:00.000,2015-08-09T00:54:00.000,Quiet,8.823529411764706e-07,0.001588235294117647,SDO / GOES-15/16,"SDOBenchmark (Bolzern & Aerni, FHNW) / NOAA SWPC"
GOES_AR12396_201508112044,AR-12396,2015-08-11T20:44:01.000,2015-08-11T21:02:01.000,2015-08-11T21:29:01.000,Quiet,7.76470588235294e-07,0.0013976470588235293,SDO / GOES-15/16,"SDOBenchmark (Bolzern & Aerni, FHNW) / NOAA SWPC"
GOES_AR12398_201508122015,AR-12398,2015-08-12T20:15:59.000,2015-08-12T20:33:59.000,2015-08-12T21:00:59.000,Quiet,1e-09,1.8000000000000001e-06,SDO / GOES-15/16,"SDOBenchmark (Bolzern & Aerni, FHNW) / NOAA SWPC"
GOES_AR12403_201508210808,AR-12403,2015-08-21T08:08:01.000,2015-08-21T08:26:01.000,2015-08-21T08:53:01.000,M1.4,1.411764705882353e-05,0.025411764705882352,SDO / GOES-15/16,"SDOBenchmark (Bolzern & Aerni, FHNW) / NOAA SWPC"
GOES_AR12403_201508240317,AR-12403,2015-08-24T03:17:59.000,2015-08-24T03:35:59.000,2015-08-24T04:02:59.000,C7.8,7.764705882352941e-06,0.013976470588235293,SDO / GOES-15/16,"SDOBenchmark (Bolzern & Aerni, FHNW) / NOAA SWPC"
GOES_AR12403_201508261222,AR-12403,2015-08-26T12:22:25.000,2015-08-26T12:40:25.000,2015-08-26T13:07:25.000,C2.7,2.705882352941177e-06,0.004870588235294119,SDO / GOES-15/16,"SDOBenchmark (Bolzern & Aerni, FHNW) / NOAA SWPC"
GOES_AR12406_201509010639,AR-12406,2015-09-01T06:39:24.000,2015-09-01T06:57:24.000,2015-09-01T07:24:24.000,Quiet,1e-09,1.8000000000000001e-06,SDO / GOES-15/16,"SDOBenchmark (Bolzern & Aerni, FHNW) / NOAA SWPC"
GOES_AR12415_201509140632,AR-12415,2015-09-14T06:32:01.000,2015-09-14T06:50:01.000,2015-09-14T07:17:01.000,Quiet,6.70588235294118e-07,0.0012070588235294124,SDO / GOES-15/16,"SDOBenchmark (Bolzern & Aerni, FHNW) / NOAA SWPC"
GOES_AR12415_201509140632,AR-12415,2015-09-14T06:32:16.000,2015-09-14T06:50:16.000,2015-09-14T07:17:16.000,Quiet,5.294117647058825e-07,0.0009529411764705885,SDO / GOES-15/16,"SDOBenchmark (Bolzern & Aerni, FHNW) / NOAA SWPC"
GOES_AR12423_201509251750,AR-12423,2015-09-25T17:50:00.000,2015-09-25T18:08:00.000,2015-09-25T18:35:00.000,Quiet,1e-09,1.8000000000000001e-06,SDO / GOES-15/16,"SDOBenchmark (Bolzern & Aerni, FHNW) / NOAA SWPC"
GOES_AR12420_201509292153,AR-12420,2015-09-29T21:53:41.000,2015-09-29T22:11:41.000,2015-09-29T22:38:41.000,Quiet,1e-09,1.8000000000000001e-06,SDO / GOES-15/16,"SDOBenchmark (Bolzern & Aerni, FHNW) / NOAA SWPC"
GOES_AR12422_201510032352,AR-12422,2015-10-03T23:52:59.000,2015-10-04T00:10:59.000,2015-10-04T00:37:59.000,C3.9,3.882352941176471e-06,0.006988235294117647,SDO / GOES-15/16,"SDOBenchmark (Bolzern & Aerni, FHNW) / NOAA SWPC"
GOES_AR12434_201510160521,AR-12434,2015-10-16T05:21:01.000,2015-10-16T05:39:01.000,2015-10-16T06:06:01.000,M1.3,1.2941176470588236e-05,0.023294117647058826,SDO / GOES-15/16,"SDOBenchmark (Bolzern & Aerni, FHNW) / NOAA SWPC"
GOES_AR12435_201510201339,AR-12435,2015-10-20T13:39:46.000,2015-10-20T13:57:46.000,2015-10-20T14:24:46.000,Quiet,1e-09,1.8000000000000001e-06,SDO / GOES-15/16,"SDOBenchmark (Bolzern & Aerni, FHNW) / NOAA SWPC"
GOES_AR12436_201510272019,AR-12436,2015-10-27T20:19:01.000,2015-10-27T20:37:01.000,2015-10-27T21:04:01.000,C3.8,3.764705882352941e-06,0.0067764705882352935,SDO / GOES-15/16,"SDOBenchmark (Bolzern & Aerni, FHNW) / NOAA SWPC"
GOES_AR12435_201510272139,AR-12435,2015-10-27T21:39:01.000,2015-10-27T21:57:01.000,2015-10-27T22:24:01.000,C2.7,2.705882352941177e-06,0.004870588235294119,SDO / GOES-15/16,"SDOBenchmark (Bolzern & Aerni, FHNW) / NOAA SWPC"
GOES_AR12441_201510301821,AR-12441,2015-10-30T18:21:00.000,2015-10-30T18:39:00.000,2015-10-30T19:06:00.000,Quiet,1e-09,1.8000000000000001e-06,SDO / GOES-15/16,"SDOBenchmark (Bolzern & Aerni, FHNW) / NOAA SWPC"
GOES_AR12437_201510301851,AR-12437,2015-10-30T18:51:01.000,2015-10-30T19:09:01.000,2015-10-30T19:36:01.000,C3.6,3.647058823529412e-06,0.006564705882352942,SDO / GOES-15/16,"SDOBenchmark (Bolzern & Aerni, FHNW) / NOAA SWPC"
GOES_AR12443_201511022050,AR-12443,2015-11-02T20:50:01.000,2015-11-02T21:08:01.000,2015-11-02T21:35:01.000,C5.9,5.882352941176471e-06,0.010588235294117648,SDO / GOES-15/16,"SDOBenchmark (Bolzern & Aerni, FHNW) / NOAA SWPC"
GOES_AR12443_201511051942,AR-12443,2015-11-05T19:42:00.000,2015-11-05T20:00:00.000,2015-11-05T20:27:00.000,M4.4,4.352941176470588e-05,0.07835294117647058,SDO / GOES-15/16,"SDOBenchmark (Bolzern & Aerni, FHNW) / NOAA SWPC"
GOES_AR12449_201511090537,AR-12449,2015-11-09T05:37:00.000,2015-11-09T05:55:00.000,2015-11-09T06:22:00.000,Quiet,6.588235294117648e-07,0.0011858823529411766,SDO / GOES-15/16,"SDOBenchmark (Bolzern & Aerni, FHNW) / NOAA SWPC"
GOES_AR12451_201511091750,AR-12451,2015-11-09T17:50:00.000,2015-11-09T18:08:00.000,2015-11-09T18:35:00.000,Quiet,1e-09,1.8000000000000001e-06,SDO / GOES-15/16,"SDOBenchmark (Bolzern & Aerni, FHNW) / NOAA SWPC"
GOES_AR12448_201511132111,AR-12448,2015-11-13T21:11:00.000,2015-11-13T21:29:00.000,2015-11-13T21:56:00.000,Quiet,1e-09,1.8000000000000001e-06,SDO / GOES-15/16,"SDOBenchmark (Bolzern & Aerni, FHNW) / NOAA SWPC"
GOES_AR12457_201511220804,AR-12457,2015-11-22T08:04:00.000,2015-11-22T08:22:00.000,2015-11-22T08:49:00.000,C1.9,1.8823529411764705e-06,0.0033882352941176468,SDO / GOES-15/16,"SDOBenchmark (Bolzern & Aerni, FHNW) / NOAA SWPC"
GOES_AR12456_201511222058,AR-12456,2015-11-22T20:58:11.000,2015-11-22T21:16:11.000,2015-11-22T21:43:11.000,Quiet,1e-09,1.8000000000000001e-06,SDO / GOES-15/16,"SDOBenchmark (Bolzern & Aerni, FHNW) / NOAA SWPC"
GOES_AR12456_201511231455,AR-12456,2015-11-23T14:55:37.000,2015-11-23T15:13:37.000,2015-11-23T15:40:37.000,Quiet,1e-09,1.8000000000000001e-06,SDO / GOES-15/16,"SDOBenchmark (Bolzern & Aerni, FHNW) / NOAA SWPC"
GOES_AR12454_201511241825,AR-12454,2015-11-24T18:25:43.000,2015-11-24T18:43:43.000,2015-11-24T19:10:43.000,Quiet,9.647058823529413e-07,0.0017364705882352942,SDO / GOES-15/16,"SDOBenchmark (Bolzern & Aerni, FHNW) / NOAA SWPC"
GOES_AR12457_201512011145,AR-12457,2015-12-01T11:45:47.000,2015-12-01T12:03:47.000,2015-12-01T12:30:47.000,Quiet,1e-09,1.8000000000000001e-06,SDO / GOES-15/16,"SDOBenchmark (Bolzern & Aerni, FHNW) / NOAA SWPC"
GOES_AR12458_201512021400,AR-12458,2015-12-02T14:00:00.000,2015-12-02T14:18:00.000,2015-12-02T14:45:00.000,C4.2,4.235294117647059e-06,0.007623529411764706,SDO / GOES-15/16,"SDOBenchmark (Bolzern & Aerni, FHNW) / NOAA SWPC"
GOES_AR12463_201512062219,AR-12463,2015-12-06T22:19:00.000,2015-12-06T22:37:00.000,2015-12-06T23:04:00.000,Quiet,8.705882352941178e-07,0.001567058823529412,SDO / GOES-15/16,"SDOBenchmark (Bolzern & Aerni, FHNW) / NOAA SWPC"
GOES_AR12464_201512101431,AR-12464,2015-12-10T14:31:35.000,2015-12-10T14:49:35.000,2015-12-10T15:16:35.000,Quiet,1e-09,1.8000000000000001e-06,SDO / GOES-15/16,"SDOBenchmark (Bolzern & Aerni, FHNW) / NOAA SWPC"
GOES_AR12468_201512131624,AR-12468,2015-12-13T16:24:01.000,2015-12-13T16:42:01.000,2015-12-13T17:09:01.000,C6.2,6.23529411764706e-06,0.011223529411764709,SDO / GOES-15/16,"SDOBenchmark (Bolzern & Aerni, FHNW) / NOAA SWPC"
GOES_AR12472_201512310656,AR-12472,2015-12-31T06:56:00.000,2015-12-31T07:14:00.000,2015-12-31T07:41:00.000,Quiet,1e-09,1.8000000000000001e-06,SDO / GOES-15/16,"SDOBenchmark (Bolzern & Aerni, FHNW) / NOAA SWPC"
GOES_AR12480_201601121943,AR-12480,2016-01-12T19:43:01.000,2016-01-12T20:01:01.000,2016-01-12T20:28:01.000,Quiet,6.235294117647059e-07,0.0011223529411764706,SDO / GOES-15/16,"SDOBenchmark (Bolzern & Aerni, FHNW) / NOAA SWPC"
GOES_AR12484_201601211403,AR-12484,2016-01-21T14:03:01.000,2016-01-21T14:21:01.000,2016-01-21T14:48:01.000,C1.3,1.2941176470588237e-06,0.002329411764705883,SDO / GOES-15/16,"SDOBenchmark (Bolzern & Aerni, FHNW) / NOAA SWPC"
GOES_AR12487_201601211750,AR-12487,2016-01-21T17:50:00.000,2016-01-21T18:08:00.000,2016-01-21T18:35:00.000,C3.4,3.4117647058823524e-06,0.006141176470588234,SDO / GOES-15/16,"SDOBenchmark (Bolzern & Aerni, FHNW) / NOAA SWPC"
GOES_AR12486_201601240026,AR-12486,2016-01-24T00:26:25.000,2016-01-24T00:44:25.000,2016-01-24T01:11:25.000,Quiet,1e-09,1.8000000000000001e-06,SDO / GOES-15/16,"SDOBenchmark (Bolzern & Aerni, FHNW) / NOAA SWPC"
GOES_AR12501_201602280550,AR-12501,2016-02-28T05:50:00.000,2016-02-28T06:08:00.000,2016-02-28T06:35:00.000,Quiet,1e-09,1.8000000000000001e-06,SDO / GOES-15/16,"SDOBenchmark (Bolzern & Aerni, FHNW) / NOAA SWPC"
GOES_AR12506_201603051646,AR-12506,2016-03-05T16:46:01.000,2016-03-05T17:04:01.000,2016-03-05T17:31:01.000,Quiet,5.529411764705882e-07,0.0009952941176470588,SDO / GOES-15/16,"SDOBenchmark (Bolzern & Aerni, FHNW) / NOAA SWPC"
GOES_AR12511_201603052258,AR-12511,2016-03-05T22:58:43.000,2016-03-05T23:16:43.000,2016-03-05T23:43:43.000,Quiet,1e-09,1.8000000000000001e-06,SDO / GOES-15/16,"SDOBenchmark (Bolzern & Aerni, FHNW) / NOAA SWPC"
GOES_AR12511_201603091857,AR-12511,2016-03-09T18:57:59.000,2016-03-09T19:15:59.000,2016-03-09T19:42:59.000,Quiet,9.88235294117647e-07,0.0017788235294117646,SDO / GOES-15/16,"SDOBenchmark (Bolzern & Aerni, FHNW) / NOAA SWPC"
GOES_AR12511_201603110806,AR-12511,2016-03-11T08:06:01.000,2016-03-11T08:24:01.000,2016-03-11T08:51:01.000,Quiet,4e-07,0.0007199999999999999,SDO / GOES-15/16,"SDOBenchmark (Bolzern & Aerni, FHNW) / NOAA SWPC"
GOES_AR12524_201603230944,AR-12524,2016-03-23T09:44:01.000,2016-03-23T10:02:01.000,2016-03-23T10:29:01.000,C1.3,1.2941176470588237e-06,0.002329411764705883,SDO / GOES-15/16,"SDOBenchmark (Bolzern & Aerni, FHNW) / NOAA SWPC"
GOES_AR12526_201603261750,AR-12526,2016-03-26T17:50:00.000,2016-03-26T18:08:00.000,2016-03-26T18:35:00.000,Quiet,7.647058823529413e-07,0.0013764705882352943,SDO / GOES-15/16,"SDOBenchmark (Bolzern & Aerni, FHNW) / NOAA SWPC"
GOES_AR12526_201604010931,AR-12526,2016-04-01T09:31:01.000,2016-04-01T09:49:01.000,2016-04-01T10:16:01.000,Quiet,1.176470588235294e-07,0.00021176470588235292,SDO / GOES-15/16,"SDOBenchmark (Bolzern & Aerni, FHNW) / NOAA SWPC"
GOES_AR12535_201604280715,AR-12535,2016-04-28T07:15:01.000,2016-04-28T07:33:01.000,2016-04-28T08:00:01.000,Quiet,9.52941176470588e-07,0.0017152941176470583,SDO / GOES-15/16,"SDOBenchmark (Bolzern & Aerni, FHNW) / NOAA SWPC"
GOES_AR12536_201605021825,AR-12536,2016-05-02T18:25:00.000,2016-05-02T18:43:00.000,2016-05-02T19:10:00.000,Quiet,1e-09,1.8000000000000001e-06,SDO / GOES-15/16,"SDOBenchmark (Bolzern & Aerni, FHNW) / NOAA SWPC"
GOES_AR12539_201605060404,AR-12539,2016-05-06T04:04:01.000,2016-05-06T04:22:01.000,2016-05-06T04:49:01.000,Quiet,4.823529411764706e-07,0.0008682352941176471,SDO / GOES-15/16,"SDOBenchmark (Bolzern & Aerni, FHNW) / NOAA SWPC"
GOES_AR12544_201605171332,AR-12544,2016-05-17T13:32:01.000,2016-05-17T13:50:01.000,2016-05-17T14:17:01.000,Quiet,7.176470588235293e-07,0.0012917647058823527,SDO / GOES-15/16,"SDOBenchmark (Bolzern & Aerni, FHNW) / NOAA SWPC"
GOES_AR12546_201605201813,AR-12546,2016-05-20T18:13:01.000,2016-05-20T18:31:01.000,2016-05-20T18:58:01.000,Quiet,5.176470588235293e-07,0.0009317647058823528,SDO / GOES-15/16,"SDOBenchmark (Bolzern & Aerni, FHNW) / NOAA SWPC"
GOES_AR12551_201606032209,AR-12551,2016-06-03T22:09:00.000,2016-06-03T22:27:00.000,2016-06-03T22:54:00.000,Quiet,1e-09,1.8000000000000001e-06,SDO / GOES-15/16,"SDOBenchmark (Bolzern & Aerni, FHNW) / NOAA SWPC"
GOES_AR12553_201606192312,AR-12553,2016-06-19T23:12:47.000,2016-06-19T23:30:47.000,2016-06-19T23:57:47.000,Quiet,1e-09,1.8000000000000001e-06,SDO / GOES-15/16,"SDOBenchmark (Bolzern & Aerni, FHNW) / NOAA SWPC"
GOES_AR12565_201607191743,AR-12565,2016-07-19T17:43:01.000,2016-07-19T18:01:01.000,2016-07-19T18:28:01.000,C2.6,2.588235294117648e-06,0.0046588235294117665,SDO / GOES-15/16,"SDOBenchmark (Bolzern & Aerni, FHNW) / NOAA SWPC"
GOES_AR12570_201607311531,AR-12570,2016-07-31T15:31:00.000,2016-07-31T15:49:00.000,2016-07-31T16:16:00.000,Quiet,1e-09,1.8000000000000001e-06,SDO / GOES-15/16,"SDOBenchmark (Bolzern & Aerni, FHNW) / NOAA SWPC"
GOES_AR12571_201608082038,AR-12571,2016-08-08T20:38:00.000,2016-08-08T20:56:00.000,2016-08-08T21:23:00.000,C6.6,6.588235294117647e-06,0.011858823529411765,SDO / GOES-15/16,"SDOBenchmark (Bolzern & Aerni, FHNW) / NOAA SWPC"
GOES_AR12574_201608170550,AR-12574,2016-08-17T05:50:29.000,2016-08-17T06:08:29.000,2016-08-17T06:35:29.000,Quiet,1e-09,1.8000000000000001e-06,SDO / GOES-15/16,"SDOBenchmark (Bolzern & Aerni, FHNW) / NOAA SWPC"
GOES_AR12580_201608271105,AR-12580,2016-08-27T11:05:21.000,2016-08-27T11:23:21.000,2016-08-27T11:50:21.000,Quiet,1e-09,1.8000000000000001e-06,SDO / GOES-15/16,"SDOBenchmark (Bolzern & Aerni, FHNW) / NOAA SWPC"
GOES_AR12585_201609100217,AR-12585,2016-09-10T02:17:01.000,2016-09-10T02:35:01.000,2016-09-10T03:02:01.000,Quiet,4.352941176470589e-07,0.000783529411764706,SDO / GOES-15/16,"SDOBenchmark (Bolzern & Aerni, FHNW) / NOAA SWPC"
GOES_AR12596_201609250411,AR-12596,2016-09-25T04:11:00.000,2016-09-25T04:29:00.000,2016-09-25T04:56:00.000,Quiet,1e-09,1.8000000000000001e-06,SDO / GOES-15/16,"SDOBenchmark (Bolzern & Aerni, FHNW) / NOAA SWPC"
GOES_AR12597_201609281338,AR-12597,2016-09-28T13:38:00.000,2016-09-28T13:56:00.000,2016-09-28T14:23:00.000,C1.2,1.1764705882352942e-06,0.0021176470588235297,SDO / GOES-15/16,"SDOBenchmark (Bolzern & Aerni, FHNW) / NOAA SWPC"
GOES_AR12598_201610070628,AR-12598,2016-10-07T06:28:18.000,2016-10-07T06:46:18.000,2016-10-07T07:13:18.000,Quiet,3.294117647058824e-07,0.0005929411764705883,SDO / GOES-15/16,"SDOBenchmark (Bolzern & Aerni, FHNW) / NOAA SWPC"
GOES_AR12599_201610161647,AR-12599,2016-10-16T16:47:01.000,2016-10-16T17:05:01.000,2016-10-16T17:32:01.000,Quiet,6.470588235294118e-07,0.0011647058823529414,SDO / GOES-15/16,"SDOBenchmark (Bolzern & Aerni, FHNW) / NOAA SWPC"
GOES_AR12603_201610281307,AR-12603,2016-10-28T13:07:01.000,2016-10-28T13:25:01.000,2016-10-28T13:52:01.000,Quiet,3.647058823529412e-07,0.0006564705882352942,SDO / GOES-15/16,"SDOBenchmark (Bolzern & Aerni, FHNW) / NOAA SWPC"
GOES_AR12609_201611141750,AR-12609,2016-11-14T17:50:00.000,2016-11-14T18:08:00.000,2016-11-14T18:35:00.000,Quiet,1e-09,1.8000000000000001e-06,SDO / GOES-15/16,"SDOBenchmark (Bolzern & Aerni, FHNW) / NOAA SWPC"
GOES_AR12611_201611201305,AR-12611,2016-11-20T13:05:00.000,2016-11-20T13:23:00.000,2016-11-20T13:50:00.000,Quiet,2.235294117647059e-07,0.0004023529411764706,SDO / GOES-15/16,"SDOBenchmark (Bolzern & Aerni, FHNW) / NOAA SWPC"
GOES_AR12625_201701230446,AR-12625,2017-01-23T04:46:45.000,2017-01-23T05:04:45.000,2017-01-23T05:31:45.000,Quiet,1e-09,1.8000000000000001e-06,SDO / GOES-15/16,"SDOBenchmark (Bolzern & Aerni, FHNW) / NOAA SWPC"
GOES_AR12628_201701310549,AR-12628,2017-01-31T05:49:59.000,2017-01-31T06:07:59.000,2017-01-31T06:34:59.000,Quiet,1e-09,1.8000000000000001e-06,SDO / GOES-15/16,"SDOBenchmark (Bolzern & Aerni, FHNW) / NOAA SWPC"
GOES_AR12639_201702272302,AR-12639,2017-02-27T23:02:59.000,2017-02-27T23:20:59.000,2017-02-27T23:47:59.000,Quiet,1e-09,1.8000000000000001e-06,SDO / GOES-15/16,"SDOBenchmark (Bolzern & Aerni, FHNW) / NOAA SWPC"
GOES_AR12638_201703020705,AR-12638,2017-03-02T07:05:59.000,2017-03-02T07:23:59.000,2017-03-02T07:50:59.000,Quiet,1e-09,1.8000000000000001e-06,SDO / GOES-15/16,"SDOBenchmark (Bolzern & Aerni, FHNW) / NOAA SWPC"
GOES_AR12644_201703311931,AR-12644,2017-03-31T19:31:05.000,2017-03-31T19:49:05.000,2017-03-31T20:16:05.000,Quiet,3.058823529411765e-07,0.0005505882352941177,SDO / GOES-15/16,"SDOBenchmark (Bolzern & Aerni, FHNW) / NOAA SWPC"
GOES_AR12645_201704061045,AR-12645,2017-04-06T10:45:47.000,2017-04-06T11:03:47.000,2017-04-06T11:30:47.000,C1.1,1.0705882352941175e-06,0.0019270588235294115,SDO / GOES-15/16,"SDOBenchmark (Bolzern & Aerni, FHNW) / NOAA SWPC"
GOES_AR12645_201704061800,AR-12645,2017-04-06T18:00:01.000,2017-04-06T18:18:01.000,2017-04-06T18:45:01.000,C6.5,6.470588235294118e-06,0.011647058823529413,SDO / GOES-15/16,"SDOBenchmark (Bolzern & Aerni, FHNW) / NOAA SWPC"
GOES_AR12653_201704250326,AR-12653,2017-04-25T03:26:01.000,2017-04-25T03:44:01.000,2017-04-25T04:11:01.000,Quiet,2.5882352941176466e-07,0.0004658823529411764,SDO / GOES-15/16,"SDOBenchmark (Bolzern & Aerni, FHNW) / NOAA SWPC"
GOES_AR12659_201705270315,AR-12659,2017-05-27T03:15:52.000,2017-05-27T03:33:52.000,2017-05-27T04:00:52.000,Quiet,3.411764705882353e-07,0.0006141176470588236,SDO / GOES-15/16,"SDOBenchmark (Bolzern & Aerni, FHNW) / NOAA SWPC"
GOES_AR12664_201706271325,AR-12664,2017-06-27T13:25:01.000,2017-06-27T13:43:01.000,2017-06-27T14:10:01.000,Quiet,1.411764705882353e-07,0.0002541176470588235,SDO / GOES-15/16,"SDOBenchmark (Bolzern & Aerni, FHNW) / NOAA SWPC"
GOES_AR12665_201707082103,AR-12665,2017-07-08T21:03:43.000,2017-07-08T21:21:43.000,2017-07-08T21:48:43.000,Quiet,6.117647058823529e-07,0.0011011764705882352,SDO / GOES-15/16,"SDOBenchmark (Bolzern & Aerni, FHNW) / NOAA SWPC"
GOES_AR12665_201707100908,AR-12665,2017-07-10T09:08:00.000,2017-07-10T09:26:00.000,2017-07-10T09:53:00.000,M1.5,1.5294117647058822e-05,0.02752941176470588,SDO / GOES-15/16,"SDOBenchmark (Bolzern & Aerni, FHNW) / NOAA SWPC"
GOES_AR12665_201707110628,AR-12665,2017-07-11T06:28:00.000,2017-07-11T06:46:00.000,2017-07-11T07:13:00.000,Quiet,4.470588235294118e-07,0.0008047058823529412,SDO / GOES-15/16,"SDOBenchmark (Bolzern & Aerni, FHNW) / NOAA SWPC"
GOES_AR12670_201708050018,AR-12670,2017-08-05T00:18:31.000,2017-08-05T00:36:31.000,2017-08-05T01:03:31.000,Quiet,1.882352941176471e-07,0.0003388235294117648,SDO / GOES-15/16,"SDOBenchmark (Bolzern & Aerni, FHNW) / NOAA SWPC"
GOES_AR12670_201708131105,AR-12670,2017-08-13T11:05:33.000,2017-08-13T11:23:33.000,2017-08-13T11:50:33.000,Quiet,1e-09,1.8000000000000001e-06,SDO / GOES-15/16,"SDOBenchmark (Bolzern & Aerni, FHNW) / NOAA SWPC"
GOES_AR12671_201708250305,AR-12671,2017-08-25T03:05:01.000,2017-08-25T03:23:01.000,2017-08-25T03:50:01.000,Quiet,2.470588235294117e-07,0.00044470588235294103,SDO / GOES-15/16,"SDOBenchmark (Bolzern & Aerni, FHNW) / NOAA SWPC"
GOES_AR12674_201709010719,AR-12674,2017-09-01T07:19:01.000,2017-09-01T07:37:01.000,2017-09-01T08:04:01.000,Quiet,5.764705882352938e-07,0.001037647058823529,SDO / GOES-15/16,"SDOBenchmark (Bolzern & Aerni, FHNW) / NOAA SWPC"
GOES_AR12674_201709011533,AR-12674,2017-09-01T15:33:01.000,2017-09-01T15:51:01.000,2017-09-01T16:18:01.000,Quiet,8.352941176470589e-07,0.0015035294117647059,SDO / GOES-15/16,"SDOBenchmark (Bolzern & Aerni, FHNW) / NOAA SWPC"
GOES_AR12675_201709061139,AR-12675,2017-09-06T11:39:14.000,2017-09-06T11:57:14.000,2017-09-06T12:24:14.000,Quiet,1e-09,1.8000000000000001e-06,SDO / GOES-15/16,"SDOBenchmark (Bolzern & Aerni, FHNW) / NOAA SWPC"
GOES_AR12676_201709070550,AR-12676,2017-09-07T05:50:00.000,2017-09-07T06:08:00.000,2017-09-07T06:35:00.000,Quiet,1e-09,1.8000000000000001e-06,SDO / GOES-15/16,"SDOBenchmark (Bolzern & Aerni, FHNW) / NOAA SWPC"
GOES_AR12674_201709101351,AR-12674,2017-09-10T13:51:07.000,2017-09-10T14:09:07.000,2017-09-10T14:36:07.000,Quiet,1e-09,1.8000000000000001e-06,SDO / GOES-15/16,"SDOBenchmark (Bolzern & Aerni, FHNW) / NOAA SWPC"
GOES_AR12683_201710020709,AR-12683,2017-10-02T07:09:00.000,2017-10-02T07:27:00.000,2017-10-02T07:54:00.000,Quiet,1e-09,1.8000000000000001e-06,SDO / GOES-15/16,"SDOBenchmark (Bolzern & Aerni, FHNW) / NOAA SWPC"
GOES_AR12683_201710072225,AR-12683,2017-10-07T22:25:59.000,2017-10-07T22:43:59.000,2017-10-07T23:10:59.000,Quiet,5.411764705882353e-07,0.0009741176470588234,SDO / GOES-15/16,"SDOBenchmark (Bolzern & Aerni, FHNW) / NOAA SWPC"
GOES_AR12692_201712231219,AR-12692,2017-12-23T12:19:01.000,2017-12-23T12:37:01.000,2017-12-23T13:04:01.000,Quiet,3.882352941176471e-07,0.0006988235294117649,SDO / GOES-15/16,"SDOBenchmark (Bolzern & Aerni, FHNW) / NOAA SWPC"
GOES_AR11476_201205152208,AR-11476,2012-05-15T22:08:57.000,2012-05-15T22:26:57.000,2012-05-15T22:53:57.000,C2.0,2e-06,0.0036,SDO / GOES-15/16,"SDOBenchmark (Bolzern & Aerni, FHNW) / NOAA SWPC"
GOES_AR11529_201207271258,AR-11529,2012-07-27T12:58:47.000,2012-07-27T13:16:47.000,2012-07-27T13:43:47.000,Quiet,1e-09,1.8000000000000001e-06,SDO / GOES-15/16,"SDOBenchmark (Bolzern & Aerni, FHNW) / NOAA SWPC"
GOES_AR11598_201210242116,AR-11598,2012-10-24T21:16:01.000,2012-10-24T21:34:01.000,2012-10-24T22:01:01.000,C1.2,1.1764705882352942e-06,0.0021176470588235297,SDO / GOES-15/16,"SDOBenchmark (Bolzern & Aerni, FHNW) / NOAA SWPC"
GOES_AR11599_201211020113,AR-11599,2012-11-02T01:13:46.000,2012-11-02T01:31:46.000,2012-11-02T01:58:46.000,Quiet,1e-09,1.8000000000000001e-06,SDO / GOES-15/16,"SDOBenchmark (Bolzern & Aerni, FHNW) / NOAA SWPC"
GOES_AR11611_201211200127,AR-11611,2012-11-20T01:27:00.000,2012-11-20T01:45:00.000,2012-11-20T02:12:00.000,Quiet,1e-09,1.8000000000000001e-06,SDO / GOES-15/16,"SDOBenchmark (Bolzern & Aerni, FHNW) / NOAA SWPC"
GOES_AR11762_201306061447,AR-11762,2013-06-06T14:47:00.000,2013-06-06T15:05:00.000,2013-06-06T15:32:00.000,M1.5,1.5294117647058822e-05,0.02752941176470588,SDO / GOES-15/16,"SDOBenchmark (Bolzern & Aerni, FHNW) / NOAA SWPC"
GOES_AR11762_201306071741,AR-11762,2013-06-07T17:41:01.000,2013-06-07T17:59:01.000,2013-06-07T18:26:01.000,C3.5,3.5294117647058825e-06,0.006352941176470588,SDO / GOES-15/16,"SDOBenchmark (Bolzern & Aerni, FHNW) / NOAA SWPC"
GOES_AR11762_201306090439,AR-11762,2013-06-09T04:39:00.000,2013-06-09T04:57:00.000,2013-06-09T05:24:00.000,M6.9,6.941176470588235e-05,0.12494117647058822,SDO / GOES-15/16,"SDOBenchmark (Bolzern & Aerni, FHNW) / NOAA SWPC"
GOES_AR11778_201306281718,AR-11778,2013-06-28T17:18:00.000,2013-06-28T17:36:00.000,2013-06-28T18:03:00.000,C8.6,8.588235294117647e-06,0.015458823529411764,SDO / GOES-15/16,"SDOBenchmark (Bolzern & Aerni, FHNW) / NOAA SWPC"
GOES_AR11872_201310251855,AR-11872,2013-10-25T18:55:59.000,2013-10-25T19:13:59.000,2013-10-25T19:40:59.000,Quiet,1e-09,1.8000000000000001e-06,SDO / GOES-15/16,"SDOBenchmark (Bolzern & Aerni, FHNW) / NOAA SWPC"
GOES_AR11884_201310302136,AR-11884,2013-10-30T21:36:00.000,2013-10-30T21:54:00.000,2013-10-30T22:21:00.000,C1.8,1.7647058823529412e-06,0.003176470588235294,SDO / GOES-15/16,"SDOBenchmark (Bolzern & Aerni, FHNW) / NOAA SWPC"
GOES_AR11884_201311010559,AR-11884,2013-11-01T05:59:01.000,2013-11-01T06:17:01.000,2013-11-01T06:44:01.000,C7.3,7.2941176470588226e-06,0.01312941176470588,SDO / GOES-15/16,"SDOBenchmark (Bolzern & Aerni, FHNW) / NOAA SWPC"
GOES_AR11917_201312130859,AR-11917,2013-12-13T08:59:42.000,2013-12-13T09:17:42.000,2013-12-13T09:44:42.000,C4.0,4e-06,0.0072,SDO / GOES-15/16,"SDOBenchmark (Bolzern & Aerni, FHNW) / NOAA SWPC"
GOES_AR11967_201402021313,AR-11967,2014-02-02T13:13:00.000,2014-02-02T13:31:00.000,2014-02-02T13:58:00.000,M3.5,3.529411764705884e-05,0.06352941176470592,SDO / GOES-15/16,"SDOBenchmark (Bolzern & Aerni, FHNW) / NOAA SWPC"
GOES_AR11968_201402031227,AR-11968,2014-02-03T12:27:00.000,2014-02-03T12:45:00.000,2014-02-03T13:12:00.000,M1.2,1.1764705882352942e-05,0.021176470588235297,SDO / GOES-15/16,"SDOBenchmark (Bolzern & Aerni, FHNW) / NOAA SWPC"
GOES_AR11967_201402031521,AR-11967,2014-02-03T15:21:00.000,2014-02-03T15:39:00.000,2014-02-03T16:06:00.000,M5.2,5.1764705882352943e-05,0.0931764705882353,SDO / GOES-15/16,"SDOBenchmark (Bolzern & Aerni, FHNW) / NOAA SWPC"
GOES_AR11971_201402070623,AR-11971,2014-02-07T06:23:17.000,2014-02-07T06:41:17.000,2014-02-07T07:08:17.000,Quiet,1e-09,1.8000000000000001e-06,SDO / GOES-15/16,"SDOBenchmark (Bolzern & Aerni, FHNW) / NOAA SWPC"
GOES_AR11968_201402071450,AR-11968,2014-02-07T14:50:01.000,2014-02-07T15:08:01.000,2014-02-07T15:35:01.000,C2.9,2.9411764705882355e-06,0.005294117647058824,SDO / GOES-15/16,"SDOBenchmark (Bolzern & Aerni, FHNW) / NOAA SWPC"
GOES_AR11974_201402181408,AR-11974,2014-02-18T14:08:00.000,2014-02-18T14:26:00.000,2014-02-18T14:53:00.000,Quiet,1e-09,1.8000000000000001e-06,SDO / GOES-15/16,"SDOBenchmark (Bolzern & Aerni, FHNW) / NOAA SWPC"
GOES_AR11991_201403011026,AR-11991,2014-03-01T10:26:01.000,2014-03-01T10:44:01.000,2014-03-01T11:11:01.000,C2.2,2.2352941176470592e-06,0.004023529411764706,SDO / GOES-15/16,"SDOBenchmark (Bolzern & Aerni, FHNW) / NOAA SWPC"
GOES_AR12017_201403292338,AR-12017,2014-03-29T23:38:01.000,2014-03-29T23:56:01.000,2014-03-30T00:23:01.000,X1.2,0.0001176470588235,0.2117647058823,SDO / GOES-15/16,"SDOBenchmark (Bolzern & Aerni, FHNW) / NOAA SWPC"
GOES_AR12033_201404111750,AR-12033,2014-04-11T17:50:00.000,2014-04-11T18:08:00.000,2014-04-11T18:35:00.000,Quiet,1e-09,1.8000000000000001e-06,SDO / GOES-15/16,"SDOBenchmark (Bolzern & Aerni, FHNW) / NOAA SWPC"
GOES_AR12038_201404171750,AR-12038,2014-04-17T17:50:00.000,2014-04-17T18:08:00.000,2014-04-17T18:35:00.000,Quiet,1e-09,1.8000000000000001e-06,SDO / GOES-15/16,"SDOBenchmark (Bolzern & Aerni, FHNW) / NOAA SWPC"
GOES_AR12038_201404230152,AR-12038,2014-04-23T01:52:00.000,2014-04-23T02:10:00.000,2014-04-23T02:37:00.000,C6.0,6e-06,0.0108,SDO / GOES-15/16,"SDOBenchmark (Bolzern & Aerni, FHNW) / NOAA SWPC"
GOES_AR12093_201406221709,AR-12093,2014-06-22T17:09:00.000,2014-06-22T17:27:00.000,2014-06-22T17:54:00.000,C2.5,2.4705882352941173e-06,0.004447058823529411,SDO / GOES-15/16,"SDOBenchmark (Bolzern & Aerni, FHNW) / NOAA SWPC"
GOES_AR12149_201408251646,AR-12149,2014-08-25T16:46:56.000,2014-08-25T17:04:56.000,2014-08-25T17:31:56.000,C1.3,1.2941176470588237e-06,0.002329411764705883,SDO / GOES-15/16,"SDOBenchmark (Bolzern & Aerni, FHNW) / NOAA SWPC"
GOES_AR12222_201412011231,AR-12222,2014-12-01T12:31:01.000,2014-12-01T12:49:01.000,2014-12-01T13:16:01.000,M2.1,2.117647058823529e-05,0.03811764705882352,SDO / GOES-15/16,"SDOBenchmark (Bolzern & Aerni, FHNW) / NOAA SWPC"
GOES_AR12222_201412032153,AR-12222,2014-12-03T21:53:40.000,2014-12-03T22:11:40.000,2014-12-03T22:38:40.000,C4.5,4.4705882352941184e-06,0.008047058823529412,SDO / GOES-15/16,"SDOBenchmark (Bolzern & Aerni, FHNW) / NOAA SWPC"
GOES_AR12230_201412082346,AR-12230,2014-12-08T23:46:01.000,2014-12-09T00:04:01.000,2014-12-09T00:31:01.000,C1.5,1.5294117647058826e-06,0.0027529411764705886,SDO / GOES-15/16,"SDOBenchmark (Bolzern & Aerni, FHNW) / NOAA SWPC"
GOES_AR12230_201412101420,AR-12230,2014-12-10T14:20:00.000,2014-12-10T14:38:00.000,2014-12-10T15:05:00.000,C9.5,9.529411764705882e-06,0.01715294117647059,SDO / GOES-15/16,"SDOBenchmark (Bolzern & Aerni, FHNW) / NOAA SWPC"
GOES_AR12257_201501141848,AR-12257,2015-01-14T18:48:01.000,2015-01-14T19:06:01.000,2015-01-14T19:33:01.000,M2.6,2.5882352941176472e-05,0.04658823529411765,SDO / GOES-15/16,"SDOBenchmark (Bolzern & Aerni, FHNW) / NOAA SWPC"
GOES_AR12261_201501142111,AR-12261,2015-01-14T21:11:00.000,2015-01-14T21:29:00.000,2015-01-14T21:56:00.000,Quiet,1e-09,1.8000000000000001e-06,SDO / GOES-15/16,"SDOBenchmark (Bolzern & Aerni, FHNW) / NOAA SWPC"
GOES_AR12267_201501250015,AR-12267,2015-01-25T00:15:01.000,2015-01-25T00:33:01.000,2015-01-25T01:00:01.000,Quiet,8.235294117647059e-07,0.0014823529411764707,SDO / GOES-15/16,"SDOBenchmark (Bolzern & Aerni, FHNW) / NOAA SWPC"
GOES_AR12473_201601011228,AR-12473,2016-01-01T12:28:01.000,2016-01-01T12:46:01.000,2016-01-01T13:13:01.000,C2.7,2.705882352941177e-06,0.004870588235294119,SDO / GOES-15/16,"SDOBenchmark (Bolzern & Aerni, FHNW) / NOAA SWPC"
GOES_AR12545_201605161032,AR-12545,2016-05-16T10:32:01.000,2016-05-16T10:50:01.000,2016-05-16T11:17:01.000,Quiet,7.058823529411766e-07,0.0012705882352941178,SDO / GOES-15/16,"SDOBenchmark (Bolzern & Aerni, FHNW) / NOAA SWPC"
GOES_AR12545_201605161128,AR-12545,2016-05-16T11:28:01.000,2016-05-16T11:46:01.000,2016-05-16T12:13:01.000,Quiet,5.529411764705882e-07,0.0009952941176470588,SDO / GOES-15/16,"SDOBenchmark (Bolzern & Aerni, FHNW) / NOAA SWPC"
GOES_AR12567_201607200907,AR-12567,2016-07-20T09:07:01.000,2016-07-20T09:25:01.000,2016-07-20T09:52:01.000,C4.9,4.9411764705882345e-06,0.008894117647058821,SDO / GOES-15/16,"SDOBenchmark (Bolzern & Aerni, FHNW) / NOAA SWPC"
GOES_AR12576_201608171551,AR-12576,2016-08-17T15:51:01.000,2016-08-17T16:09:01.000,2016-08-17T16:36:01.000,Quiet,4.11764705882353e-07,0.0007411764705882354,SDO / GOES-15/16,"SDOBenchmark (Bolzern & Aerni, FHNW) / NOAA SWPC"
GOES_AR12610_201611172248,AR-12610,2016-11-17T22:48:00.000,2016-11-17T23:06:00.000,2016-11-17T23:33:00.000,Quiet,1e-09,1.8000000000000001e-06,SDO / GOES-15/16,"SDOBenchmark (Bolzern & Aerni, FHNW) / NOAA SWPC"
GOES_AR12641_201703041608,AR-12641,2017-03-04T16:08:01.000,2017-03-04T16:26:01.000,2017-03-04T16:53:01.000,Quiet,2e-07,0.00035999999999999997,SDO / GOES-15/16,"SDOBenchmark (Bolzern & Aerni, FHNW) / NOAA SWPC"
GOES_AR12654_201704301750,AR-12654,2017-04-30T17:50:00.000,2017-04-30T18:08:00.000,2017-04-30T18:35:00.000,Quiet,1e-09,1.8000000000000001e-06,SDO / GOES-15/16,"SDOBenchmark (Bolzern & Aerni, FHNW) / NOAA SWPC"
GOES_AR12654_201705020126,AR-12654,2017-05-02T01:26:00.000,2017-05-02T01:44:00.000,2017-05-02T02:11:00.000,Quiet,1e-09,1.8000000000000001e-06,SDO / GOES-15/16,"SDOBenchmark (Bolzern & Aerni, FHNW) / NOAA SWPC"
