sequence_id,active_region,t_obs_end,frame_0,frame_1,frame_2,frame_3,target_window_start,target_window_end,binary_target_MX_24_48h,multiclass_target,log10_peak_flux
SEQ_AR-11158_202608102100,AR-11158,2026-08-10T21:00:00+00:00,C:\Users\aarus\Desktop\solar-flare-warning-system\data\full_resolution\suit_AR-11158_T000_202608101200.fits,C:\Users\aarus\Desktop\solar-flare-warning-system\data\full_resolution\suit_AR-11158_T001_202608101500.fits,C:\Users\aarus\Desktop\solar-flare-warning-system\data\full_resolution\suit_AR-11158_T002_202608101800.fits,C:\Users\aarus\Desktop\solar-flare-warning-system\data\full_resolution\suit_AR-11158_T003_202608102100.fits,2026-08-11T21:00:00+00:00,2026-08-12T21:00:00+00:00,1,2,-4.2676
SEQ_AR-11158_202608110000,AR-11158,2026-08-11T00:00:00+00:00,C:\Users\aarus\Desktop\solar-flare-warning-system\data\full_resolution\suit_AR-11158_T001_202608101500.fits,C:\Users\aarus\Desktop\solar-flare-warning-system\data\full_resolution\suit_AR-11158_T002_202608101800.fits,C:\Users\aarus\Desktop\solar-flare-warning-system\data\full_resolution\suit_AR-11158_T003_202608102100.fits,C:\Users\aarus\Desktop\solar-flare-warning-system\data\full_resolution\suit_AR-11158_T004_202608110000.fits,2026-08-12T00:00:00+00:00,2026-08-13T00:00:00+00:00,1,2,-4.2676
SEQ_AR-11158_202608110300,AR-11158,2026-08-11T03:00:00+00:00,C:\Users\aarus\Desktop\solar-flare-warning-system\data\full_resolution\suit_AR-11158_T002_202608101800.fits,C:\Users\aarus\Desktop\solar-flare-warning-system\data\full_resolution\suit_AR-11158_T003_202608102100.fits,C:\Users\aarus\Desktop\solar-flare-warning-system\data\full_resolution\suit_AR-11158_T004_202608110000.fits,C:\Users\aarus\Desktop\solar-flare-warning-system\data\full_resolution\suit_AR-11158_T005_202608110300.fits,2026-08-12T03:00:00+00:00,2026-08-13T03:00:00+00:00,1,2,-4.2676
SEQ_AR-11158_202608110600,AR-11158,2026-08-11T06:00:00+00:00,C:\Users\aarus\Desktop\solar-flare-warning-system\data\full_resolution\suit_AR-11158_T003_202608102100.fits,C:\Users\aarus\Desktop\solar-flare-warning-system\data\full_resolution\suit_AR-11158_T004_202608110000.fits,C:\Users\aarus\Desktop\solar-flare-warning-system\data\full_resolution\suit_AR-11158_T005_202608110300.fits,C:\Users\aarus\Desktop\solar-flare-warning-system\data\full_resolution\suit_AR-11158_T006_202608110600.fits,2026-08-12T06:00:00+00:00,2026-08-13T06:00:00+00:00,1,2,-4.2676
SEQ_AR-11158_202608110900,AR-11158,2026-08-11T09:00:00+00:00,C:\Users\aarus\Desktop\solar-flare-warning-system\data\full_resolution\suit_AR-11158_T004_202608110000.fits,C:\Users\aarus\Desktop\solar-flare-warning-system\data\full_resolution\suit_AR-11158_T005_202608110300.fits,C:\Users\aarus\Desktop\solar-flare-warning-system\data\full_resolution\suit_AR-11158_T006_202608110600.fits,C:\Users\aarus\Desktop\solar-flare-warning-system\data\full_resolution\suit_AR-11158_T007_202608110900.fits,2026-08-12T09:00:00+00:00,2026-08-13T09:00:00+00:00,0,0,-7.0
SEQ_AR-11158_202608111200,AR-11158,2026-08-11T12:00:00+00:00,C:\Users\aarus\Desktop\solar-flare-warning-system\data\full_resolution\suit_AR-11158_T005_202608110300.fits,C:\Users\aarus\Desktop\solar-flare-warning-system\data\full_resolution\suit_AR-11158_T006_202608110600.fits,C:\Users\aarus\Desktop\solar-flare-warning-system\data\full_resolution\suit_AR-11158_T007_202608110900.fits,C:\Users\aarus\Desktop\solar-flare-warning-system\data\full_resolution\suit_AR-11158_T008_202608111200.fits,2026-08-12T12:00:00+00:00,2026-08-13T12:00:00+00:00,0,0,-7.0
SEQ_AR-11158_202608111500,AR-11158,2026-08-11T15:00:00+00:00,C:\Users\aarus\Desktop\solar-flare-warning-system\data\full_resolution\suit_AR-11158_T006_202608110600.fits,C:\Users\aarus\Desktop\solar-flare-warning-system\data\full_resolution\suit_AR-11158_T007_202608110900.fits,C:\Users\aarus\Desktop\solar-flare-warning-system\data\full_resolution\suit_AR-11158_T008_202608111200.fits,C:\Users\aarus\Desktop\solar-flare-warning-system\data\full_resolution\suit_AR-11158_T009_202608111500.fits,2026-08-12T15:00:00+00:00,2026-08-13T15:00:00+00:00,0,0,-7.0
SEQ_AR-11158_202608111800,AR-11158,2026-08-11T18:00:00+00:00,C:\Users\aarus\Desktop\solar-flare-warning-system\data\full_resolution\suit_AR-11158_T007_202608110900.fits,C:\Users\aarus\Desktop\solar-flare-warning-system\data\full_resolution\suit_AR-11158_T008_202608111200.fits,C:\Users\aarus\Desktop\solar-flare-warning-system\data\full_resolution\suit_AR-11158_T009_202608111500.fits,C:\Users\aarus\Desktop\solar-flare-warning-system\data\full_resolution\suit_AR-11158_T010_202608111800.fits,2026-08-12T18:00:00+00:00,2026-08-13T18:00:00+00:00,0,0,-7.0
SEQ_AR-11158_202608112100,AR-11158,2026-08-11T21:00:00+00:00,C:\Users\aarus\Desktop\solar-flare-warning-system\data\full_resolution\suit_AR-11158_T008_202608111200.fits,C:\Users\aarus\Desktop\solar-flare-warning-system\data\full_resolution\suit_AR-11158_T009_202608111500.fits,C:\Users\aarus\Desktop\solar-flare-warning-system\data\full_resolution\suit_AR-11158_T010_202608111800.fits,C:\Users\aarus\Desktop\solar-flare-warning-system\data\full_resolution\suit_AR-11158_T011_202608112100.fits,2026-08-12T21:00:00+00:00,2026-08-13T21:00:00+00:00,0,0,-7.0
SEQ_AR-11158_202608120000,AR-11158,2026-08-12T00:00:00+00:00,C:\Users\aarus\Desktop\solar-flare-warning-system\data\full_resolution\suit_AR-11158_T009_202608111500.fits,C:\Users\aarus\Desktop\solar-flare-warning-system\data\full_resolution\suit_AR-11158_T010_202608111800.fits,C:\Users\aarus\Desktop\solar-flare-warning-system\data\full_resolution\suit_AR-11158_T011_202608112100.fits,C:\Users\aarus\Desktop\solar-flare-warning-system\data\full_resolution\suit_AR-11158_T012_202608120000.fits,2026-08-13T00:00:00+00:00,2026-08-14T00:00:00+00:00,0,0,-7.0
SEQ_AR-11158_202608120300,AR-11158,2026-08-12T03:00:00+00:00,C:\Users\aarus\Desktop\solar-flare-warning-system\data\full_resolution\suit_AR-11158_T010_202608111800.fits,C:\Users\aarus\Desktop\solar-flare-warning-system\data\full_resolution\suit_AR-11158_T011_202608112100.fits,C:\Users\aarus\Desktop\solar-flare-warning-system\data\full_resolution\suit_AR-11158_T012_202608120000.fits,C:\Users\aarus\Desktop\solar-flare-warning-system\data\full_resolution\suit_AR-11158_T013_202608120300.fits,2026-08-13T03:00:00+00:00,2026-08-14T03:00:00+00:00,0,0,-7.0
SEQ_AR-11158_202608120600,AR-11158,2026-08-12T06:00:00+00:00,C:\Users\aarus\Desktop\solar-flare-warning-system\data\full_resolution\suit_AR-11158_T011_202608112100.fits,C:\Users\aarus\Desktop\solar-flare-warning-system\data\full_resolution\suit_AR-11158_T012_202608120000.fits,C:\Users\aarus\Desktop\solar-flare-warning-system\data\full_resolution\suit_AR-11158_T013_202608120300.fits,C:\Users\aarus\Desktop\solar-flare-warning-system\data\full_resolution\suit_AR-11158_T014_202608120600.fits,2026-08-13T06:00:00+00:00,2026-08-14T06:00:00+00:00,0,0,-7.0
SEQ_AR-11158_202608120900,AR-11158,2026-08-12T09:00:00+00:00,C:\Users\aarus\Desktop\solar-flare-warning-system\data\full_resolution\suit_AR-11158_T012_202608120000.fits,C:\Users\aarus\Desktop\solar-flare-warning-system\data\full_resolution\suit_AR-11158_T013_202608120300.fits,C:\Users\aarus\Desktop\solar-flare-warning-system\data\full_resolution\suit_AR-11158_T014_202608120600.fits,C:\Users\aarus\Desktop\solar-flare-warning-system\data\full_resolution\suit_AR-11158_T015_202608120900.fits,2026-08-13T09:00:00+00:00,2026-08-14T09:00:00+00:00,0,0,-7.0
SEQ_AR-11158_202608121200,AR-11158,2026-08-12T12:00:00+00:00,C:\Users\aarus\Desktop\solar-flare-warning-system\data\full_resolution\suit_AR-11158_T013_202608120300.fits,C:\Users\aarus\Desktop\solar-flare-warning-system\data\full_resolution\suit_AR-11158_T014_202608120600.fits,C:\Users\aarus\Desktop\solar-flare-warning-system\data\full_resolution\suit_AR-11158_T015_202608120900.fits,C:\Users\aarus\Desktop\solar-flare-warning-system\data\full_resolution\suit_AR-11158_T016_202608121200.fits,2026-08-13T12:00:00+00:00,2026-08-14T12:00:00+00:00,0,0,-7.0
SEQ_AR-11158_202608121500,AR-11158,2026-08-12T15:00:00+00:00,C:\Users\aarus\Desktop\solar-flare-warning-system\data\full_resolution\suit_AR-11158_T014_202608120600.fits,C:\Users\aarus\Desktop\solar-flare-warning-system\data\full_resolution\suit_AR-11158_T015_202608120900.fits,C:\Users\aarus\Desktop\solar-flare-warning-system\data\full_resolution\suit_AR-11158_T016_202608121200.fits,C:\Users\aarus\Desktop\solar-flare-warning-system\data\full_resolution\suit_AR-11158_T017_202608121500.fits,2026-08-13T15:00:00+00:00,2026-08-14T15:00:00+00:00,0,0,-7.0
SEQ_AR-11158_202608121800,AR-11158,2026-08-12T18:00:00+00:00,C:\Users\aarus\Desktop\solar-flare-warning-system\data\full_resolution\suit_AR-11158_T015_202608120900.fits,C:\Users\aarus\Desktop\solar-flare-warning-system\data\full_resolution\suit_AR-11158_T016_202608121200.fits,C:\Users\aarus\Desktop\solar-flare-warning-system\data\full_resolution\suit_AR-11158_T017_202608121500.fits,C:\Users\aarus\Desktop\solar-flare-warning-system\data\full_resolution\suit_AR-11158_T018_202608121800.fits,2026-08-13T18:00:00+00:00,2026-08-14T18:00:00+00:00,0,0,-7.0
SEQ_AR-11158_202608122100,AR-11158,2026-08-12T21:00:00+00:00,C:\Users\aarus\Desktop\solar-flare-warning-system\data\full_resolution\suit_AR-11158_T016_202608121200.fits,C:\Users\aarus\Desktop\solar-flare-warning-system\data\full_resolution\suit_AR-11158_T017_202608121500.fits,C:\Users\aarus\Desktop\solar-flare-warning-system\data\full_resolution\suit_AR-11158_T018_202608121800.fits,C:\Users\aarus\Desktop\solar-flare-warning-system\data\full_resolution\suit_AR-11158_T019_202608122100.fits,2026-08-13T21:00:00+00:00,2026-08-14T21:00:00+00:00,0,0,-7.0
SEQ_AR-12673_202608060900,AR-12673,2026-08-06T09:00:00+00:00,C:\Users\aarus\Desktop\solar-flare-warning-system\data\full_resolution\suit_AR-12673_T000_202608060000.fits,C:\Users\aarus\Desktop\solar-flare-warning-system\data\full_resolution\suit_AR-12673_T001_202608060300.fits,C:\Users\aarus\Desktop\solar-flare-warning-system\data\full_resolution\suit_AR-12673_T002_202608060600.fits,C:\Users\aarus\Desktop\solar-flare-warning-system\data\full_resolution\suit_AR-12673_T003_202608060900.fits,2026-08-07T09:00:00+00:00,2026-08-08T09:00:00+00:00,1,3,-3.8539
SEQ_AR-12673_202608061200,AR-12673,2026-08-06T12:00:00+00:00,C:\Users\aarus\Desktop\solar-flare-warning-system\data\full_resolution\suit_AR-12673_T001_202608060300.fits,C:\Users\aarus\Desktop\solar-flare-warning-system\data\full_resolution\suit_AR-12673_T002_202608060600.fits,C:\Users\aarus\Desktop\solar-flare-warning-system\data\full_resolution\suit_AR-12673_T003_202608060900.fits,C:\Users\aarus\Desktop\solar-flare-warning-system\data\full_resolution\suit_AR-12673_T004_202608061200.fits,2026-08-07T12:00:00+00:00,2026-08-08T12:00:00+00:00,1,3,-3.8539
SEQ_AR-12673_202608061500,AR-12673,2026-08-06T15:00:00+00:00,C:\Users\aarus\Desktop\solar-flare-warning-system\data\full_resolution\suit_AR-12673_T002_202608060600.fits,C:\Users\aarus\Desktop\solar-flare-warning-system\data\full_resolution\suit_AR-12673_T003_202608060900.fits,C:\Users\aarus\Desktop\solar-flare-warning-system\data\full_resolution\suit_AR-12673_T004_202608061200.fits,C:\Users\aarus\Desktop\solar-flare-warning-system\data\full_resolution\suit_AR-12673_T005_202608061500.fits,2026-08-07T15:00:00+00:00,2026-08-08T15:00:00+00:00,1,3,-3.8539
SEQ_AR-12673_202608061800,AR-12673,2026-08-06T18:00:00+00:00,C:\Users\aarus\Desktop\solar-flare-warning-system\data\full_resolution\suit_AR-12673_T003_202608060900.fits,C:\Users\aarus\Desktop\solar-flare-warning-system\data\full_resolution\suit_AR-12673_T004_202608061200.fits,C:\Users\aarus\Desktop\solar-flare-warning-system\data\full_resolution\suit_AR-12673_T005_202608061500.fits,C:\Users\aarus\Desktop\solar-flare-warning-system\data\full_resolution\suit_AR-12673_T006_202608061800.fits,2026-08-07T18:00:00+00:00,2026-08-08T18:00:00+00:00,0,0,-7.0
SEQ_AR-12673_202608062100,AR-12673,2026-08-06T21:00:00+00:00,C:\Users\aarus\Desktop\solar-flare-warning-system\data\full_resolution\suit_AR-12673_T004_202608061200.fits,C:\Users\aarus\Desktop\solar-flare-warning-system\data\full_resolution\suit_AR-12673_T005_202608061500.fits,C:\Users\aarus\Desktop\solar-flare-warning-system\data\full_resolution\suit_AR-12673_T006_202608061800.fits,C:\Users\aarus\Desktop\solar-flare-warning-system\data\full_resolution\suit_AR-12673_T007_202608062100.fits,2026-08-07T21:00:00+00:00,2026-08-08T21:00:00+00:00,0,0,-7.0
SEQ_AR-12673_202608070000,AR-12673,2026-08-07T00:00:00+00:00,C:\Users\aarus\Desktop\solar-flare-warning-system\data\full_resolution\suit_AR-12673_T005_202608061500.fits,C:\Users\aarus\Desktop\solar-flare-warning-system\data\full_resolution\suit_AR-12673_T006_202608061800.fits,C:\Users\aarus\Desktop\solar-flare-warning-system\data\full_resolution\suit_AR-12673_T007_202608062100.fits,C:\Users\aarus\Desktop\solar-flare-warning-system\data\full_resolution\suit_AR-12673_T008_202608070000.fits,2026-08-08T00:00:00+00:00,2026-08-09T00:00:00+00:00,0,0,-7.0
SEQ_AR-12673_202608070300,AR-12673,2026-08-07T03:00:00+00:00,C:\Users\aarus\Desktop\solar-flare-warning-system\data\full_resolution\suit_AR-12673_T006_202608061800.fits,C:\Users\aarus\Desktop\solar-flare-warning-system\data\full_resolution\suit_AR-12673_T007_202608062100.fits,C:\Users\aarus\Desktop\solar-flare-warning-system\data\full_resolution\suit_AR-12673_T008_202608070000.fits,C:\Users\aarus\Desktop\solar-flare-warning-system\data\full_resolution\suit_AR-12673_T009_202608070300.fits,2026-08-08T03:00:00+00:00,2026-08-09T03:00:00+00:00,0,0,-7.0
SEQ_AR-12673_202608070600,AR-12673,2026-08-07T06:00:00+00:00,C:\Users\aarus\Desktop\solar-flare-warning-system\data\full_resolution\suit_AR-12673_T007_202608062100.fits,C:\Users\aarus\Desktop\solar-flare-warning-system\data\full_resolution\suit_AR-12673_T008_202608070000.fits,C:\Users\aarus\Desktop\solar-flare-warning-system\data\full_resolution\suit_AR-12673_T009_202608070300.fits,C:\Users\aarus\Desktop\solar-flare-warning-system\data\full_resolution\suit_AR-12673_T010_202608070600.fits,2026-08-08T06:00:00+00:00,2026-08-09T06:00:00+00:00,0,0,-7.0
SEQ_AR-12673_202608070900,AR-12673,2026-08-07T09:00:00+00:00,C:\Users\aarus\Desktop\solar-flare-warning-system\data\full_resolution\suit_AR-12673_T008_202608070000.fits,C:\Users\aarus\Desktop\solar-flare-warning-system\data\full_resolution\suit_AR-12673_T009_202608070300.fits,C:\Users\aarus\Desktop\solar-flare-warning-system\data\full_resolution\suit_AR-12673_T010_202608070600.fits,C:\Users\aarus\Desktop\solar-flare-warning-system\data\full_resolution\suit_AR-12673_T011_202608070900.fits,2026-08-08T09:00:00+00:00,2026-08-09T09:00:00+00:00,0,0,-7.0
SEQ_AR-12673_202608071200,AR-12673,2026-08-07T12:00:00+00:00,C:\Users\aarus\Desktop\solar-flare-warning-system\data\full_resolution\suit_AR-12673_T009_202608070300.fits,C:\Users\aarus\Desktop\solar-flare-warning-system\data\full_resolution\suit_AR-12673_T010_202608070600.fits,C:\Users\aarus\Desktop\solar-flare-warning-system\data\full_resolution\suit_AR-12673_T011_202608070900.fits,C:\Users\aarus\Desktop\solar-flare-warning-system\data\full_resolution\suit_AR-12673_T012_202608071200.fits,2026-08-08T12:00:00+00:00,2026-08-09T12:00:00+00:00,0,0,-7.0
SEQ_AR-12673_202608071500,AR-12673,2026-08-07T15:00:00+00:00,C:\Users\aarus\Desktop\solar-flare-warning-system\data\full_resolution\suit_AR-12673_T010_202608070600.fits,C:\Users\aarus\Desktop\solar-flare-warning-system\data\full_resolution\suit_AR-12673_T011_202608070900.fits,C:\Users\aarus\Desktop\solar-flare-warning-system\data\full_resolution\suit_AR-12673_T012_202608071200.fits,C:\Users\aarus\Desktop\solar-flare-warning-system\data\full_resolution\suit_AR-12673_T013_202608071500.fits,2026-08-08T15:00:00+00:00,2026-08-09T15:00:00+00:00,0,0,-7.0
SEQ_AR-12673_202608071800,AR-12673,2026-08-07T18:00:00+00:00,C:\Users\aarus\Desktop\solar-flare-warning-system\data\full_resolution\suit_AR-12673_T011_202608070900.fits,C:\Users\aarus\Desktop\solar-flare-warning-system\data\full_resolution\suit_AR-12673_T012_202608071200.fits,C:\Users\aarus\Desktop\solar-flare-warning-system\data\full_resolution\suit_AR-12673_T013_202608071500.fits,C:\Users\aarus\Desktop\solar-flare-warning-system\data\full_resolution\suit_AR-12673_T014_202608071800.fits,2026-08-08T18:00:00+00:00,2026-08-09T18:00:00+00:00,0,0,-7.0
SEQ_AR-12673_202608072100,AR-12673,2026-08-07T21:00:00+00:00,C:\Users\aarus\Desktop\solar-flare-warning-system\data\full_resolution\suit_AR-12673_T012_202608071200.fits,C:\Users\aarus\Desktop\solar-flare-warning-system\data\full_resolution\suit_AR-12673_T013_202608071500.fits,C:\Users\aarus\Desktop\solar-flare-warning-system\data\full_resolution\suit_AR-12673_T014_202608071800.fits,C:\Users\aarus\Desktop\solar-flare-warning-system\data\full_resolution\suit_AR-12673_T015_202608072100.fits,2026-08-08T21:00:00+00:00,2026-08-09T21:00:00+00:00,0,0,-7.0
SEQ_AR-12673_202608080000,AR-12673,2026-08-08T00:00:00+00:00,C:\Users\aarus\Desktop\solar-flare-warning-system\data\full_resolution\suit_AR-12673_T013_202608071500.fits,C:\Users\aarus\Desktop\solar-flare-warning-system\data\full_resolution\suit_AR-12673_T014_202608071800.fits,C:\Users\aarus\Desktop\solar-flare-warning-system\data\full_resolution\suit_AR-12673_T015_202608072100.fits,C:\Users\aarus\Desktop\solar-flare-warning-system\data\full_resolution\suit_AR-12673_T016_202608080000.fits,2026-08-09T00:00:00+00:00,2026-08-10T00:00:00+00:00,0,0,-7.0
SEQ_AR-12673_202608080300,AR-12673,2026-08-08T03:00:00+00:00,C:\Users\aarus\Desktop\solar-flare-warning-system\data\full_resolution\suit_AR-12673_T014_202608071800.fits,C:\Users\aarus\Desktop\solar-flare-warning-system\data\full_resolution\suit_AR-12673_T015_202608072100.fits,C:\Users\aarus\Desktop\solar-flare-warning-system\data\full_resolution\suit_AR-12673_T016_202608080000.fits,C:\Users\aarus\Desktop\solar-flare-warning-system\data\full_resolution\suit_AR-12673_T017_202608080300.fits,2026-08-09T03:00:00+00:00,2026-08-10T03:00:00+00:00,0,0,-7.0
SEQ_AR-12673_202608080600,AR-12673,2026-08-08T06:00:00+00:00,C:\Users\aarus\Desktop\solar-flare-warning-system\data\full_resolution\suit_AR-12673_T015_202608072100.fits,C:\Users\aarus\Desktop\solar-flare-warning-system\data\full_resolution\suit_AR-12673_T016_202608080000.fits,C:\Users\aarus\Desktop\solar-flare-warning-system\data\full_resolution\suit_AR-12673_T017_202608080300.fits,C:\Users\aarus\Desktop\solar-flare-warning-system\data\full_resolution\suit_AR-12673_T018_202608080600.fits,2026-08-09T06:00:00+00:00,2026-08-10T06:00:00+00:00,0,0,-7.0
SEQ_AR-12673_202608080900,AR-12673,2026-08-08T09:00:00+00:00,C:\Users\aarus\Desktop\solar-flare-warning-system\data\full_resolution\suit_AR-12673_T016_202608080000.fits,C:\Users\aarus\Desktop\solar-flare-warning-system\data\full_resolution\suit_AR-12673_T017_202608080300.fits,C:\Users\aarus\Desktop\solar-flare-warning-system\data\full_resolution\suit_AR-12673_T018_202608080600.fits,C:\Users\aarus\Desktop\solar-flare-warning-system\data\full_resolution\suit_AR-12673_T019_202608080900.fits,2026-08-09T09:00:00+00:00,2026-08-10T09:00:00+00:00,0,0,-7.0
SEQ_AR-12887_202608150900,AR-12887,2026-08-15T09:00:00+00:00,C:\Users\aarus\Desktop\solar-flare-warning-system\data\full_resolution\suit_AR-12887_T000_202608150000.fits,C:\Users\aarus\Desktop\solar-flare-warning-system\data\full_resolution\suit_AR-12887_T001_202608150300.fits,C:\Users\aarus\Desktop\solar-flare-warning-system\data\full_resolution\suit_AR-12887_T002_202608150600.fits,C:\Users\aarus\Desktop\solar-flare-warning-system\data\full_resolution\suit_AR-12887_T003_202608150900.fits,2026-08-16T09:00:00+00:00,2026-08-17T09:00:00+00:00,1,2,-4.6778
SEQ_AR-12887_202608151200,AR-12887,2026-08-15T12:00:00+00:00,C:\Users\aarus\Desktop\solar-flare-warning-system\data\full_resolution\suit_AR-12887_T001_202608150300.fits,C:\Users\aarus\Desktop\solar-flare-warning-system\data\full_resolution\suit_AR-12887_T002_202608150600.fits,C:\Users\aarus\Desktop\solar-flare-warning-system\data\full_resolution\suit_AR-12887_T003_202608150900.fits,C:\Users\aarus\Desktop\solar-flare-warning-system\data\full_resolution\suit_AR-12887_T004_202608151200.fits,2026-08-16T12:00:00+00:00,2026-08-17T12:00:00+00:00,1,2,-4.6778
SEQ_AR-12887_202608151500,AR-12887,2026-08-15T15:00:00+00:00,C:\Users\aarus\Desktop\solar-flare-warning-system\data\full_resolution\suit_AR-12887_T002_202608150600.fits,C:\Users\aarus\Desktop\solar-flare-warning-system\data\full_resolution\suit_AR-12887_T003_202608150900.fits,C:\Users\aarus\Desktop\solar-flare-warning-system\data\full_resolution\suit_AR-12887_T004_202608151200.fits,C:\Users\aarus\Desktop\solar-flare-warning-system\data\full_resolution\suit_AR-12887_T005_202608151500.fits,2026-08-16T15:00:00+00:00,2026-08-17T15:00:00+00:00,0,0,-7.0
SEQ_AR-12887_202608151800,AR-12887,2026-08-15T18:00:00+00:00,C:\Users\aarus\Desktop\solar-flare-warning-system\data\full_resolution\suit_AR-12887_T003_202608150900.fits,C:\Users\aarus\Desktop\solar-flare-warning-system\data\full_resolution\suit_AR-12887_T004_202608151200.fits,C:\Users\aarus\Desktop\solar-flare-warning-system\data\full_resolution\suit_AR-12887_T005_202608151500.fits,C:\Users\aarus\Desktop\solar-flare-warning-system\data\full_resolution\suit_AR-12887_T006_202608151800.fits,2026-08-16T18:00:00+00:00,2026-08-17T18:00:00+00:00,0,0,-7.0
SEQ_AR-12887_202608152100,AR-12887,2026-08-15T21:00:00+00:00,C:\Users\aarus\Desktop\solar-flare-warning-system\data\full_resolution\suit_AR-12887_T004_202608151200.fits,C:\Users\aarus\Desktop\solar-flare-warning-system\data\full_resolution\suit_AR-12887_T005_202608151500.fits,C:\Users\aarus\Desktop\solar-flare-warning-system\data\full_resolution\suit_AR-12887_T006_202608151800.fits,C:\Users\aarus\Desktop\solar-flare-warning-system\data\full_resolution\suit_AR-12887_T007_202608152100.fits,2026-08-16T21:00:00+00:00,2026-08-17T21:00:00+00:00,0,0,-7.0
SEQ_AR-12887_202608160000,AR-12887,2026-08-16T00:00:00+00:00,C:\Users\aarus\Desktop\solar-flare-warning-system\data\full_resolution\suit_AR-12887_T005_202608151500.fits,C:\Users\aarus\Desktop\solar-flare-warning-system\data\full_resolution\suit_AR-12887_T006_202608151800.fits,C:\Users\aarus\Desktop\solar-flare-warning-system\data\full_resolution\suit_AR-12887_T007_202608152100.fits,C:\Users\aarus\Desktop\solar-flare-warning-system\data\full_resolution\suit_AR-12887_T008_202608160000.fits,2026-08-17T00:00:00+00:00,2026-08-18T00:00:00+00:00,0,0,-7.0
SEQ_AR-12887_202608160300,AR-12887,2026-08-16T03:00:00+00:00,C:\Users\aarus\Desktop\solar-flare-warning-system\data\full_resolution\suit_AR-12887_T006_202608151800.fits,C:\Users\aarus\Desktop\solar-flare-warning-system\data\full_resolution\suit_AR-12887_T007_202608152100.fits,C:\Users\aarus\Desktop\solar-flare-warning-system\data\full_resolution\suit_AR-12887_T008_202608160000.fits,C:\Users\aarus\Desktop\solar-flare-warning-system\data\full_resolution\suit_AR-12887_T009_202608160300.fits,2026-08-17T03:00:00+00:00,2026-08-18T03:00:00+00:00,0,0,-7.0
SEQ_AR-12887_202608160600,AR-12887,2026-08-16T06:00:00+00:00,C:\Users\aarus\Desktop\solar-flare-warning-system\data\full_resolution\suit_AR-12887_T007_202608152100.fits,C:\Users\aarus\Desktop\solar-flare-warning-system\data\full_resolution\suit_AR-12887_T008_202608160000.fits,C:\Users\aarus\Desktop\solar-flare-warning-system\data\full_resolution\suit_AR-12887_T009_202608160300.fits,C:\Users\aarus\Desktop\solar-flare-warning-system\data\full_resolution\suit_AR-12887_T010_202608160600.fits,2026-08-17T06:00:00+00:00,2026-08-18T06:00:00+00:00,0,0,-7.0
SEQ_AR-12887_202608160900,AR-12887,2026-08-16T09:00:00+00:00,C:\Users\aarus\Desktop\solar-flare-warning-system\data\full_resolution\suit_AR-12887_T008_202608160000.fits,C:\Users\aarus\Desktop\solar-flare-warning-system\data\full_resolution\suit_AR-12887_T009_202608160300.fits,C:\Users\aarus\Desktop\solar-flare-warning-system\data\full_resolution\suit_AR-12887_T010_202608160600.fits,C:\Users\aarus\Desktop\solar-flare-warning-system\data\full_resolution\suit_AR-12887_T011_202608160900.fits,2026-08-17T09:00:00+00:00,2026-08-18T09:00:00+00:00,0,0,-7.0
SEQ_AR-12887_202608161200,AR-12887,2026-08-16T12:00:00+00:00,C:\Users\aarus\Desktop\solar-flare-warning-system\data\full_resolution\suit_AR-12887_T009_202608160300.fits,C:\Users\aarus\Desktop\solar-flare-warning-system\data\full_resolution\suit_AR-12887_T010_202608160600.fits,C:\Users\aarus\Desktop\solar-flare-warning-system\data\full_resolution\suit_AR-12887_T011_202608160900.fits,C:\Users\aarus\Desktop\solar-flare-warning-system\data\full_resolution\suit_AR-12887_T012_202608161200.fits,2026-08-17T12:00:00+00:00,2026-08-18T12:00:00+00:00,0,0,-7.0
SEQ_AR-12887_202608161500,AR-12887,2026-08-16T15:00:00+00:00,C:\Users\aarus\Desktop\solar-flare-warning-system\data\full_resolution\suit_AR-12887_T010_202608160600.fits,C:\Users\aarus\Desktop\solar-flare-warning-system\data\full_resolution\suit_AR-12887_T011_202608160900.fits,C:\Users\aarus\Desktop\solar-flare-warning-system\data\full_resolution\suit_AR-12887_T012_202608161200.fits,C:\Users\aarus\Desktop\solar-flare-warning-system\data\full_resolution\suit_AR-12887_T013_202608161500.fits,2026-08-17T15:00:00+00:00,2026-08-18T15:00:00+00:00,0,0,-7.0
SEQ_AR-12887_202608161800,AR-12887,2026-08-16T18:00:00+00:00,C:\Users\aarus\Desktop\solar-flare-warning-system\data\full_resolution\suit_AR-12887_T011_202608160900.fits,C:\Users\aarus\Desktop\solar-flare-warning-system\data\full_resolution\suit_AR-12887_T012_202608161200.fits,C:\Users\aarus\Desktop\solar-flare-warning-system\data\full_resolution\suit_AR-12887_T013_202608161500.fits,C:\Users\aarus\Desktop\solar-flare-warning-system\data\full_resolution\suit_AR-12887_T014_202608161800.fits,2026-08-17T18:00:00+00:00,2026-08-18T18:00:00+00:00,0,0,-7.0
SEQ_AR-12887_202608162100,AR-12887,2026-08-16T21:00:00+00:00,C:\Users\aarus\Desktop\solar-flare-warning-system\data\full_resolution\suit_AR-12887_T012_202608161200.fits,C:\Users\aarus\Desktop\solar-flare-warning-system\data\full_resolution\suit_AR-12887_T013_202608161500.fits,C:\Users\aarus\Desktop\solar-flare-warning-system\data\full_resolution\suit_AR-12887_T014_202608161800.fits,C:\Users\aarus\Desktop\solar-flare-warning-system\data\full_resolution\suit_AR-12887_T015_202608162100.fits,2026-08-17T21:00:00+00:00,2026-08-18T21:00:00+00:00,0,0,-7.0
SEQ_AR-12887_202608170000,AR-12887,2026-08-17T00:00:00+00:00,C:\Users\aarus\Desktop\solar-flare-warning-system\data\full_resolution\suit_AR-12887_T013_202608161500.fits,C:\Users\aarus\Desktop\solar-flare-warning-system\data\full_resolution\suit_AR-12887_T014_202608161800.fits,C:\Users\aarus\Desktop\solar-flare-warning-system\data\full_resolution\suit_AR-12887_T015_202608162100.fits,C:\Users\aarus\Desktop\solar-flare-warning-system\data\full_resolution\suit_AR-12887_T016_202608170000.fits,2026-08-18T00:00:00+00:00,2026-08-19T00:00:00+00:00,0,0,-7.0
SEQ_AR-12887_202608170300,AR-12887,2026-08-17T03:00:00+00:00,C:\Users\aarus\Desktop\solar-flare-warning-system\data\full_resolution\suit_AR-12887_T014_202608161800.fits,C:\Users\aarus\Desktop\solar-flare-warning-system\data\full_resolution\suit_AR-12887_T015_202608162100.fits,C:\Users\aarus\Desktop\solar-flare-warning-system\data\full_resolution\suit_AR-12887_T016_202608170000.fits,C:\Users\aarus\Desktop\solar-flare-warning-system\data\full_resolution\suit_AR-12887_T017_202608170300.fits,2026-08-18T03:00:00+00:00,2026-08-19T03:00:00+00:00,0,0,-7.0
SEQ_AR-12887_202608170600,AR-12887,2026-08-17T06:00:00+00:00,C:\Users\aarus\Desktop\solar-flare-warning-system\data\full_resolution\suit_AR-12887_T015_202608162100.fits,C:\Users\aarus\Desktop\solar-flare-warning-system\data\full_resolution\suit_AR-12887_T016_202608170000.fits,C:\Users\aarus\Desktop\solar-flare-warning-system\data\full_resolution\suit_AR-12887_T017_202608170300.fits,C:\Users\aarus\Desktop\solar-flare-warning-system\data\full_resolution\suit_AR-12887_T018_202608170600.fits,2026-08-18T06:00:00+00:00,2026-08-19T06:00:00+00:00,0,0,-7.0
SEQ_AR-12887_202608170900,AR-12887,2026-08-17T09:00:00+00:00,C:\Users\aarus\Desktop\solar-flare-warning-system\data\full_resolution\suit_AR-12887_T016_202608170000.fits,C:\Users\aarus\Desktop\solar-flare-warning-system\data\full_resolution\suit_AR-12887_T017_202608170300.fits,C:\Users\aarus\Desktop\solar-flare-warning-system\data\full_resolution\suit_AR-12887_T018_202608170600.fits,C:\Users\aarus\Desktop\solar-flare-warning-system\data\full_resolution\suit_AR-12887_T019_202608170900.fits,2026-08-18T09:00:00+00:00,2026-08-19T09:00:00+00:00,0,0,-7.0
SEQ_AR-13000_202608192100,AR-13000,2026-08-19T21:00:00+00:00,C:\Users\aarus\Desktop\solar-flare-warning-system\data\full_resolution\suit_AR-13000_T000_202608191200.fits,C:\Users\aarus\Desktop\solar-flare-warning-system\data\full_resolution\suit_AR-13000_T001_202608191500.fits,C:\Users\aarus\Desktop\solar-flare-warning-system\data\full_resolution\suit_AR-13000_T002_202608191800.fits,C:\Users\aarus\Desktop\solar-flare-warning-system\data\full_resolution\suit_AR-13000_T003_202608192100.fits,2026-08-20T21:00:00+00:00,2026-08-21T21:00:00+00:00,0,1,-5.3468
SEQ_AR-13000_202608200000,AR-13000,2026-08-20T00:00:00+00:00,C:\Users\aarus\Desktop\solar-flare-warning-system\data\full_resolution\suit_AR-13000_T001_202608191500.fits,C:\Users\aarus\Desktop\solar-flare-warning-system\data\full_resolution\suit_AR-13000_T002_202608191800.fits,C:\Users\aarus\Desktop\solar-flare-warning-system\data\full_resolution\suit_AR-13000_T003_202608192100.fits,C:\Users\aarus\Desktop\solar-flare-warning-system\data\full_resolution\suit_AR-13000_T004_202608200000.fits,2026-08-21T00:00:00+00:00,2026-08-22T00:00:00+00:00,0,1,-5.3468
SEQ_AR-13000_202608200300,AR-13000,2026-08-20T03:00:00+00:00,C:\Users\aarus\Desktop\solar-flare-warning-system\data\full_resolution\suit_AR-13000_T002_202608191800.fits,C:\Users\aarus\Desktop\solar-flare-warning-system\data\full_resolution\suit_AR-13000_T003_202608192100.fits,C:\Users\aarus\Desktop\solar-flare-warning-system\data\full_resolution\suit_AR-13000_T004_202608200000.fits,C:\Users\aarus\Desktop\solar-flare-warning-system\data\full_resolution\suit_AR-13000_T005_202608200300.fits,2026-08-21T03:00:00+00:00,2026-08-22T03:00:00+00:00,0,0,-7.0
SEQ_AR-13000_202608200600,AR-13000,2026-08-20T06:00:00+00:00,C:\Users\aarus\Desktop\solar-flare-warning-system\data\full_resolution\suit_AR-13000_T003_202608192100.fits,C:\Users\aarus\Desktop\solar-flare-warning-system\data\full_resolution\suit_AR-13000_T004_202608200000.fits,C:\Users\aarus\Desktop\solar-flare-warning-system\data\full_resolution\suit_AR-13000_T005_202608200300.fits,C:\Users\aarus\Desktop\solar-flare-warning-system\data\full_resolution\suit_AR-13000_T006_202608200600.fits,2026-08-21T06:00:00+00:00,2026-08-22T06:00:00+00:00,0,0,-7.0
SEQ_AR-13000_202608200900,AR-13000,2026-08-20T09:00:00+00:00,C:\Users\aarus\Desktop\solar-flare-warning-system\data\full_resolution\suit_AR-13000_T004_202608200000.fits,C:\Users\aarus\Desktop\solar-flare-warning-system\data\full_resolution\suit_AR-13000_T005_202608200300.fits,C:\Users\aarus\Desktop\solar-flare-warning-system\data\full_resolution\suit_AR-13000_T006_202608200600.fits,C:\Users\aarus\Desktop\solar-flare-warning-system\data\full_resolution\suit_AR-13000_T007_202608200900.fits,2026-08-21T09:00:00+00:00,2026-08-22T09:00:00+00:00,0,0,-7.0
SEQ_AR-13000_202608201200,AR-13000,2026-08-20T12:00:00+00:00,C:\Users\aarus\Desktop\solar-flare-warning-system\data\full_resolution\suit_AR-13000_T005_202608200300.fits,C:\Users\aarus\Desktop\solar-flare-warning-system\data\full_resolution\suit_AR-13000_T006_202608200600.fits,C:\Users\aarus\Desktop\solar-flare-warning-system\data\full_resolution\suit_AR-13000_T007_202608200900.fits,C:\Users\aarus\Desktop\solar-flare-warning-system\data\full_resolution\suit_AR-13000_T008_202608201200.fits,2026-08-21T12:00:00+00:00,2026-08-22T12:00:00+00:00,0,0,-7.0
SEQ_AR-13000_202608201500,AR-13000,2026-08-20T15:00:00+00:00,C:\Users\aarus\Desktop\solar-flare-warning-system\data\full_resolution\suit_AR-13000_T006_202608200600.fits,C:\Users\aarus\Desktop\solar-flare-warning-system\data\full_resolution\suit_AR-13000_T007_202608200900.fits,C:\Users\aarus\Desktop\solar-flare-warning-system\data\full_resolution\suit_AR-13000_T008_202608201200.fits,C:\Users\aarus\Desktop\solar-flare-warning-system\data\full_resolution\suit_AR-13000_T009_202608201500.fits,2026-08-21T15:00:00+00:00,2026-08-22T15:00:00+00:00,0,0,-7.0
SEQ_AR-13000_202608201800,AR-13000,2026-08-20T18:00:00+00:00,C:\Users\aarus\Desktop\solar-flare-warning-system\data\full_resolution\suit_AR-13000_T007_202608200900.fits,C:\Users\aarus\Desktop\solar-flare-warning-system\data\full_resolution\suit_AR-13000_T008_202608201200.fits,C:\Users\aarus\Desktop\solar-flare-warning-system\data\full_resolution\suit_AR-13000_T009_202608201500.fits,C:\Users\aarus\Desktop\solar-flare-warning-system\data\full_resolution\suit_AR-13000_T010_202608201800.fits,2026-08-21T18:00:00+00:00,2026-08-22T18:00:00+00:00,0,0,-7.0
SEQ_AR-13000_202608202100,AR-13000,2026-08-20T21:00:00+00:00,C:\Users\aarus\Desktop\solar-flare-warning-system\data\full_resolution\suit_AR-13000_T008_202608201200.fits,C:\Users\aarus\Desktop\solar-flare-warning-system\data\full_resolution\suit_AR-13000_T009_202608201500.fits,C:\Users\aarus\Desktop\solar-flare-warning-system\data\full_resolution\suit_AR-13000_T010_202608201800.fits,C:\Users\aarus\Desktop\solar-flare-warning-system\data\full_resolution\suit_AR-13000_T011_202608202100.fits,2026-08-21T21:00:00+00:00,2026-08-22T21:00:00+00:00,0,0,-7.0
SEQ_AR-13000_202608210000,AR-13000,2026-08-21T00:00:00+00:00,C:\Users\aarus\Desktop\solar-flare-warning-system\data\full_resolution\suit_AR-13000_T009_202608201500.fits,C:\Users\aarus\Desktop\solar-flare-warning-system\data\full_resolution\suit_AR-13000_T010_202608201800.fits,C:\Users\aarus\Desktop\solar-flare-warning-system\data\full_resolution\suit_AR-13000_T011_202608202100.fits,C:\Users\aarus\Desktop\solar-flare-warning-system\data\full_resolution\suit_AR-13000_T012_202608210000.fits,2026-08-22T00:00:00+00:00,2026-08-23T00:00:00+00:00,0,0,-7.0
SEQ_AR-13000_202608210300,AR-13000,2026-08-21T03:00:00+00:00,C:\Users\aarus\Desktop\solar-flare-warning-system\data\full_resolution\suit_AR-13000_T010_202608201800.fits,C:\Users\aarus\Desktop\solar-flare-warning-system\data\full_resolution\suit_AR-13000_T011_202608202100.fits,C:\Users\aarus\Desktop\solar-flare-warning-system\data\full_resolution\suit_AR-13000_T012_202608210000.fits,C:\Users\aarus\Desktop\solar-flare-warning-system\data\full_resolution\suit_AR-13000_T013_202608210300.fits,2026-08-22T03:00:00+00:00,2026-08-23T03:00:00+00:00,0,0,-7.0
SEQ_AR-13000_202608210600,AR-13000,2026-08-21T06:00:00+00:00,C:\Users\aarus\Desktop\solar-flare-warning-system\data\full_resolution\suit_AR-13000_T011_202608202100.fits,C:\Users\aarus\Desktop\solar-flare-warning-system\data\full_resolution\suit_AR-13000_T012_202608210000.fits,C:\Users\aarus\Desktop\solar-flare-warning-system\data\full_resolution\suit_AR-13000_T013_202608210300.fits,C:\Users\aarus\Desktop\solar-flare-warning-system\data\full_resolution\suit_AR-13000_T014_202608210600.fits,2026-08-22T06:00:00+00:00,2026-08-23T06:00:00+00:00,0,0,-7.0
SEQ_AR-13000_202608210900,AR-13000,2026-08-21T09:00:00+00:00,C:\Users\aarus\Desktop\solar-flare-warning-system\data\full_resolution\suit_AR-13000_T012_202608210000.fits,C:\Users\aarus\Desktop\solar-flare-warning-system\data\full_resolution\suit_AR-13000_T013_202608210300.fits,C:\Users\aarus\Desktop\solar-flare-warning-system\data\full_resolution\suit_AR-13000_T014_202608210600.fits,C:\Users\aarus\Desktop\solar-flare-warning-system\data\full_resolution\suit_AR-13000_T015_202608210900.fits,2026-08-22T09:00:00+00:00,2026-08-23T09:00:00+00:00,0,0,-7.0
SEQ_AR-13100_202608232100,AR-13100,2026-08-23T21:00:00+00:00,C:\Users\aarus\Desktop\solar-flare-warning-system\data\full_resolution\suit_AR-13100_T000_202608231200.fits,C:\Users\aarus\Desktop\solar-flare-warning-system\data\full_resolution\suit_AR-13100_T001_202608231500.fits,C:\Users\aarus\Desktop\solar-flare-warning-system\data\full_resolution\suit_AR-13100_T002_202608231800.fits,C:\Users\aarus\Desktop\solar-flare-warning-system\data\full_resolution\suit_AR-13100_T003_202608232100.fits,2026-08-24T21:00:00+00:00,2026-08-25T21:00:00+00:00,0,0,-7.0
SEQ_AR-13100_202608240000,AR-13100,2026-08-24T00:00:00+00:00,C:\Users\aarus\Desktop\solar-flare-warning-system\data\full_resolution\suit_AR-13100_T001_202608231500.fits,C:\Users\aarus\Desktop\solar-flare-warning-system\data\full_resolution\suit_AR-13100_T002_202608231800.fits,C:\Users\aarus\Desktop\solar-flare-warning-system\data\full_resolution\suit_AR-13100_T003_202608232100.fits,C:\Users\aarus\Desktop\solar-flare-warning-system\data\full_resolution\suit_AR-13100_T004_202608240000.fits,2026-08-25T00:00:00+00:00,2026-08-26T00:00:00+00:00,0,0,-7.0
SEQ_AR-13100_202608240300,AR-13100,2026-08-24T03:00:00+00:00,C:\Users\aarus\Desktop\solar-flare-warning-system\data\full_resolution\suit_AR-13100_T002_202608231800.fits,C:\Users\aarus\Desktop\solar-flare-warning-system\data\full_resolution\suit_AR-13100_T003_202608232100.fits,C:\Users\aarus\Desktop\solar-flare-warning-system\data\full_resolution\suit_AR-13100_T004_202608240000.fits,C:\Users\aarus\Desktop\solar-flare-warning-system\data\full_resolution\suit_AR-13100_T005_202608240300.fits,2026-08-25T03:00:00+00:00,2026-08-26T03:00:00+00:00,0,0,-7.0
SEQ_AR-13100_202608240600,AR-13100,2026-08-24T06:00:00+00:00,C:\Users\aarus\Desktop\solar-flare-warning-system\data\full_resolution\suit_AR-13100_T003_202608232100.fits,C:\Users\aarus\Desktop\solar-flare-warning-system\data\full_resolution\suit_AR-13100_T004_202608240000.fits,C:\Users\aarus\Desktop\solar-flare-warning-system\data\full_resolution\suit_AR-13100_T005_202608240300.fits,C:\Users\aarus\Desktop\solar-flare-warning-system\data\full_resolution\suit_AR-13100_T006_202608240600.fits,2026-08-25T06:00:00+00:00,2026-08-26T06:00:00+00:00,0,0,-7.0
SEQ_AR-13100_202608240900,AR-13100,2026-08-24T09:00:00+00:00,C:\Users\aarus\Desktop\solar-flare-warning-system\data\full_resolution\suit_AR-13100_T004_202608240000.fits,C:\Users\aarus\Desktop\solar-flare-warning-system\data\full_resolution\suit_AR-13100_T005_202608240300.fits,C:\Users\aarus\Desktop\solar-flare-warning-system\data\full_resolution\suit_AR-13100_T006_202608240600.fits,C:\Users\aarus\Desktop\solar-flare-warning-system\data\full_resolution\suit_AR-13100_T007_202608240900.fits,2026-08-25T09:00:00+00:00,2026-08-26T09:00:00+00:00,0,0,-7.0
SEQ_AR-13100_202608241200,AR-13100,2026-08-24T12:00:00+00:00,C:\Users\aarus\Desktop\solar-flare-warning-system\data\full_resolution\suit_AR-13100_T005_202608240300.fits,C:\Users\aarus\Desktop\solar-flare-warning-system\data\full_resolution\suit_AR-13100_T006_202608240600.fits,C:\Users\aarus\Desktop\solar-flare-warning-system\data\full_resolution\suit_AR-13100_T007_202608240900.fits,C:\Users\aarus\Desktop\solar-flare-warning-system\data\full_resolution\suit_AR-13100_T008_202608241200.fits,2026-08-25T12:00:00+00:00,2026-08-26T12:00:00+00:00,0,0,-7.0
SEQ_AR-13100_202608241500,AR-13100,2026-08-24T15:00:00+00:00,C:\Users\aarus\Desktop\solar-flare-warning-system\data\full_resolution\suit_AR-13100_T006_202608240600.fits,C:\Users\aarus\Desktop\solar-flare-warning-system\data\full_resolution\suit_AR-13100_T007_202608240900.fits,C:\Users\aarus\Desktop\solar-flare-warning-system\data\full_resolution\suit_AR-13100_T008_202608241200.fits,C:\Users\aarus\Desktop\solar-flare-warning-system\data\full_resolution\suit_AR-13100_T009_202608241500.fits,2026-08-25T15:00:00+00:00,2026-08-26T15:00:00+00:00,0,0,-7.0
SEQ_AR-13100_202608241800,AR-13100,2026-08-24T18:00:00+00:00,C:\Users\aarus\Desktop\solar-flare-warning-system\data\full_resolution\suit_AR-13100_T007_202608240900.fits,C:\Users\aarus\Desktop\solar-flare-warning-system\data\full_resolution\suit_AR-13100_T008_202608241200.fits,C:\Users\aarus\Desktop\solar-flare-warning-system\data\full_resolution\suit_AR-13100_T009_202608241500.fits,C:\Users\aarus\Desktop\solar-flare-warning-system\data\full_resolution\suit_AR-13100_T010_202608241800.fits,2026-08-25T18:00:00+00:00,2026-08-26T18:00:00+00:00,0,0,-7.0
SEQ_AR-13100_202608242100,AR-13100,2026-08-24T21:00:00+00:00,C:\Users\aarus\Desktop\solar-flare-warning-system\data\full_resolution\suit_AR-13100_T008_202608241200.fits,C:\Users\aarus\Desktop\solar-flare-warning-system\data\full_resolution\suit_AR-13100_T009_202608241500.fits,C:\Users\aarus\Desktop\solar-flare-warning-system\data\full_resolution\suit_AR-13100_T010_202608241800.fits,C:\Users\aarus\Desktop\solar-flare-warning-system\data\full_resolution\suit_AR-13100_T011_202608242100.fits,2026-08-25T21:00:00+00:00,2026-08-26T21:00:00+00:00,0,0,-7.0
SEQ_AR-13100_202608250000,AR-13100,2026-08-25T00:00:00+00:00,C:\Users\aarus\Desktop\solar-flare-warning-system\data\full_resolution\suit_AR-13100_T009_202608241500.fits,C:\Users\aarus\Desktop\solar-flare-warning-system\data\full_resolution\suit_AR-13100_T010_202608241800.fits,C:\Users\aarus\Desktop\solar-flare-warning-system\data\full_resolution\suit_AR-13100_T011_202608242100.fits,C:\Users\aarus\Desktop\solar-flare-warning-system\data\full_resolution\suit_AR-13100_T012_202608250000.fits,2026-08-26T00:00:00+00:00,2026-08-27T00:00:00+00:00,0,0,-7.0
SEQ_AR-13100_202608250300,AR-13100,2026-08-25T03:00:00+00:00,C:\Users\aarus\Desktop\solar-flare-warning-system\data\full_resolution\suit_AR-13100_T010_202608241800.fits,C:\Users\aarus\Desktop\solar-flare-warning-system\data\full_resolution\suit_AR-13100_T011_202608242100.fits,C:\Users\aarus\Desktop\solar-flare-warning-system\data\full_resolution\suit_AR-13100_T012_202608250000.fits,C:\Users\aarus\Desktop\solar-flare-warning-system\data\full_resolution\suit_AR-13100_T013_202608250300.fits,2026-08-26T03:00:00+00:00,2026-08-27T03:00:00+00:00,0,0,-7.0
SEQ_AR-13100_202608250600,AR-13100,2026-08-25T06:00:00+00:00,C:\Users\aarus\Desktop\solar-flare-warning-system\data\full_resolution\suit_AR-13100_T011_202608242100.fits,C:\Users\aarus\Desktop\solar-flare-warning-system\data\full_resolution\suit_AR-13100_T012_202608250000.fits,C:\Users\aarus\Desktop\solar-flare-warning-system\data\full_resolution\suit_AR-13100_T013_202608250300.fits,C:\Users\aarus\Desktop\solar-flare-warning-system\data\full_resolution\suit_AR-13100_T014_202608250600.fits,2026-08-26T06:00:00+00:00,2026-08-27T06:00:00+00:00,0,0,-7.0
SEQ_AR-13100_202608250900,AR-13100,2026-08-25T09:00:00+00:00,C:\Users\aarus\Desktop\solar-flare-warning-system\data\full_resolution\suit_AR-13100_T012_202608250000.fits,C:\Users\aarus\Desktop\solar-flare-warning-system\data\full_resolution\suit_AR-13100_T013_202608250300.fits,C:\Users\aarus\Desktop\solar-flare-warning-system\data\full_resolution\suit_AR-13100_T014_202608250600.fits,C:\Users\aarus\Desktop\solar-flare-warning-system\data\full_resolution\suit_AR-13100_T015_202608250900.fits,2026-08-26T09:00:00+00:00,2026-08-27T09:00:00+00:00,0,0,-7.0
SEQ_AR-13100_202608251200,AR-13100,2026-08-25T12:00:00+00:00,C:\Users\aarus\Desktop\solar-flare-warning-system\data\full_resolution\suit_AR-13100_T013_202608250300.fits,C:\Users\aarus\Desktop\solar-flare-warning-system\data\full_resolution\suit_AR-13100_T014_202608250600.fits,C:\Users\aarus\Desktop\solar-flare-warning-system\data\full_resolution\suit_AR-13100_T015_202608250900.fits,C:\Users\aarus\Desktop\solar-flare-warning-system\data\full_resolution\suit_AR-13100_T016_202608251200.fits,2026-08-26T12:00:00+00:00,2026-08-27T12:00:00+00:00,0,0,-7.0
SEQ_AR-13100_202608251500,AR-13100,2026-08-25T15:00:00+00:00,C:\Users\aarus\Desktop\solar-flare-warning-system\data\full_resolution\suit_AR-13100_T014_202608250600.fits,C:\Users\aarus\Desktop\solar-flare-warning-system\data\full_resolution\suit_AR-13100_T015_202608250900.fits,C:\Users\aarus\Desktop\solar-flare-warning-system\data\full_resolution\suit_AR-13100_T016_202608251200.fits,C:\Users\aarus\Desktop\solar-flare-warning-system\data\full_resolution\suit_AR-13100_T017_202608251500.fits,2026-08-26T15:00:00+00:00,2026-08-27T15:00:00+00:00,0,0,-7.0
SEQ_AR-13100_202608251800,AR-13100,2026-08-25T18:00:00+00:00,C:\Users\aarus\Desktop\solar-flare-warning-system\data\full_resolution\suit_AR-13100_T015_202608250900.fits,C:\Users\aarus\Desktop\solar-flare-warning-system\data\full_resolution\suit_AR-13100_T016_202608251200.fits,C:\Users\aarus\Desktop\solar-flare-warning-system\data\full_resolution\suit_AR-13100_T017_202608251500.fits,C:\Users\aarus\Desktop\solar-flare-warning-system\data\full_resolution\suit_AR-13100_T018_202608251800.fits,2026-08-26T18:00:00+00:00,2026-08-27T18:00:00+00:00,0,0,-7.0
SEQ_AR-13100_202608252100,AR-13100,2026-08-25T21:00:00+00:00,C:\Users\aarus\Desktop\solar-flare-warning-system\data\full_resolution\suit_AR-13100_T016_202608251200.fits,C:\Users\aarus\Desktop\solar-flare-warning-system\data\full_resolution\suit_AR-13100_T017_202608251500.fits,C:\Users\aarus\Desktop\solar-flare-warning-system\data\full_resolution\suit_AR-13100_T018_202608251800.fits,C:\Users\aarus\Desktop\solar-flare-warning-system\data\full_resolution\suit_AR-13100_T019_202608252100.fits,2026-08-26T21:00:00+00:00,2026-08-27T21:00:00+00:00,0,0,-7.0
SEQ_AR-13100_202609011200,AR-13100,2026-09-01T12:00:00+00:00,C:\Users\aarus\Desktop\solar-flare-warning-system\data\full_resolution\suit_AR-13100_T017_202608251500.fits,C:\Users\aarus\Desktop\solar-flare-warning-system\data\full_resolution\suit_AR-13100_T018_202608251800.fits,C:\Users\aarus\Desktop\solar-flare-warning-system\data\full_resolution\suit_AR-13100_T019_202608252100.fits,C:\Users\aarus\Desktop\solar-flare-warning-system\data\full_resolution\suit_AR-13100_T000_202609011200.fits,2026-09-02T12:00:00+00:00,2026-09-03T12:00:00+00:00,0,0,-7.0
SEQ_AR-13100_202609011500,AR-13100,2026-09-01T15:00:00+00:00,C:\Users\aarus\Desktop\solar-flare-warning-system\data\full_resolution\suit_AR-13100_T018_202608251800.fits,C:\Users\aarus\Desktop\solar-flare-warning-system\data\full_resolution\suit_AR-13100_T019_202608252100.fits,C:\Users\aarus\Desktop\solar-flare-warning-system\data\full_resolution\suit_AR-13100_T000_202609011200.fits,C:\Users\aarus\Desktop\solar-flare-warning-system\data\full_resolution\suit_AR-13100_T001_202609011500.fits,2026-09-02T15:00:00+00:00,2026-09-03T15:00:00+00:00,0,0,-7.0
SEQ_AR-13100_202609011800,AR-13100,2026-09-01T18:00:00+00:00,C:\Users\aarus\Desktop\solar-flare-warning-system\data\full_resolution\suit_AR-13100_T019_202608252100.fits,C:\Users\aarus\Desktop\solar-flare-warning-system\data\full_resolution\suit_AR-13100_T000_202609011200.fits,C:\Users\aarus\Desktop\solar-flare-warning-system\data\full_resolution\suit_AR-13100_T001_202609011500.fits,C:\Users\aarus\Desktop\solar-flare-warning-system\data\full_resolution\suit_AR-13100_T002_202609011800.fits,2026-09-02T18:00:00+00:00,2026-09-03T18:00:00+00:00,0,0,-7.0
SEQ_AR-13100_202609012100,AR-13100,2026-09-01T21:00:00+00:00,C:\Users\aarus\Desktop\solar-flare-warning-system\data\full_resolution\suit_AR-13100_T000_202609011200.fits,C:\Users\aarus\Desktop\solar-flare-warning-system\data\full_resolution\suit_AR-13100_T001_202609011500.fits,C:\Users\aarus\Desktop\solar-flare-warning-system\data\full_resolution\suit_AR-13100_T002_202609011800.fits,C:\Users\aarus\Desktop\solar-flare-warning-system\data\full_resolution\suit_AR-13100_T003_202609012100.fits,2026-09-02T21:00:00+00:00,2026-09-03T21:00:00+00:00,0,0,-7.0
SEQ_AR-13100_202609020000,AR-13100,2026-09-02T00:00:00+00:00,C:\Users\aarus\Desktop\solar-flare-warning-system\data\full_resolution\suit_AR-13100_T001_202609011500.fits,C:\Users\aarus\Desktop\solar-flare-warning-system\data\full_resolution\suit_AR-13100_T002_202609011800.fits,C:\Users\aarus\Desktop\solar-flare-warning-system\data\full_resolution\suit_AR-13100_T003_202609012100.fits,C:\Users\aarus\Desktop\solar-flare-warning-system\data\full_resolution\suit_AR-13100_T004_202609020000.fits,2026-09-03T00:00:00+00:00,2026-09-04T00:00:00+00:00,0,0,-7.0
SEQ_AR-13100_202609020300,AR-13100,2026-09-02T03:00:00+00:00,C:\Users\aarus\Desktop\solar-flare-warning-system\data\full_resolution\suit_AR-13100_T002_202609011800.fits,C:\Users\aarus\Desktop\solar-flare-warning-system\data\full_resolution\suit_AR-13100_T003_202609012100.fits,C:\Users\aarus\Desktop\solar-flare-warning-system\data\full_resolution\suit_AR-13100_T004_202609020000.fits,C:\Users\aarus\Desktop\solar-flare-warning-system\data\full_resolution\suit_AR-13100_T005_202609020300.fits,2026-09-03T03:00:00+00:00,2026-09-04T03:00:00+00:00,0,0,-7.0
SEQ_AR-13100_202609020600,AR-13100,2026-09-02T06:00:00+00:00,C:\Users\aarus\Desktop\solar-flare-warning-system\data\full_resolution\suit_AR-13100_T003_202609012100.fits,C:\Users\aarus\Desktop\solar-flare-warning-system\data\full_resolution\suit_AR-13100_T004_202609020000.fits,C:\Users\aarus\Desktop\solar-flare-warning-system\data\full_resolution\suit_AR-13100_T005_202609020300.fits,C:\Users\aarus\Desktop\solar-flare-warning-system\data\full_resolution\suit_AR-13100_T006_202609020600.fits,2026-09-03T06:00:00+00:00,2026-09-04T06:00:00+00:00,0,0,-7.0
SEQ_AR-13100_202609020900,AR-13100,2026-09-02T09:00:00+00:00,C:\Users\aarus\Desktop\solar-flare-warning-system\data\full_resolution\suit_AR-13100_T004_202609020000.fits,C:\Users\aarus\Desktop\solar-flare-warning-system\data\full_resolution\suit_AR-13100_T005_202609020300.fits,C:\Users\aarus\Desktop\solar-flare-warning-system\data\full_resolution\suit_AR-13100_T006_202609020600.fits,C:\Users\aarus\Desktop\solar-flare-warning-system\data\full_resolution\suit_AR-13100_T007_202609020900.fits,2026-09-03T09:00:00+00:00,2026-09-04T09:00:00+00:00,0,0,-7.0
SEQ_AR-13100_202609021200,AR-13100,2026-09-02T12:00:00+00:00,C:\Users\aarus\Desktop\solar-flare-warning-system\data\full_resolution\suit_AR-13100_T005_202609020300.fits,C:\Users\aarus\Desktop\solar-flare-warning-system\data\full_resolution\suit_AR-13100_T006_202609020600.fits,C:\Users\aarus\Desktop\solar-flare-warning-system\data\full_resolution\suit_AR-13100_T007_202609020900.fits,C:\Users\aarus\Desktop\solar-flare-warning-system\data\full_resolution\suit_AR-13100_T008_202609021200.fits,2026-09-03T12:00:00+00:00,2026-09-04T12:00:00+00:00,0,0,-7.0
SEQ_AR-13100_202609021500,AR-13100,2026-09-02T15:00:00+00:00,C:\Users\aarus\Desktop\solar-flare-warning-system\data\full_resolution\suit_AR-13100_T006_202609020600.fits,C:\Users\aarus\Desktop\solar-flare-warning-system\data\full_resolution\suit_AR-13100_T007_202609020900.fits,C:\Users\aarus\Desktop\solar-flare-warning-system\data\full_resolution\suit_AR-13100_T008_202609021200.fits,C:\Users\aarus\Desktop\solar-flare-warning-system\data\full_resolution\suit_AR-13100_T009_202609021500.fits,2026-09-03T15:00:00+00:00,2026-09-04T15:00:00+00:00,0,0,-7.0
SEQ_AR-13100_202609021800,AR-13100,2026-09-02T18:00:00+00:00,C:\Users\aarus\Desktop\solar-flare-warning-system\data\full_resolution\suit_AR-13100_T007_202609020900.fits,C:\Users\aarus\Desktop\solar-flare-warning-system\data\full_resolution\suit_AR-13100_T008_202609021200.fits,C:\Users\aarus\Desktop\solar-flare-warning-system\data\full_resolution\suit_AR-13100_T009_202609021500.fits,C:\Users\aarus\Desktop\solar-flare-warning-system\data\full_resolution\suit_AR-13100_T010_202609021800.fits,2026-09-03T18:00:00+00:00,2026-09-04T18:00:00+00:00,0,0,-7.0
SEQ_AR-13100_202609022100,AR-13100,2026-09-02T21:00:00+00:00,C:\Users\aarus\Desktop\solar-flare-warning-system\data\full_resolution\suit_AR-13100_T008_202609021200.fits,C:\Users\aarus\Desktop\solar-flare-warning-system\data\full_resolution\suit_AR-13100_T009_202609021500.fits,C:\Users\aarus\Desktop\solar-flare-warning-system\data\full_resolution\suit_AR-13100_T010_202609021800.fits,C:\Users\aarus\Desktop\solar-flare-warning-system\data\full_resolution\suit_AR-13100_T011_202609022100.fits,2026-09-03T21:00:00+00:00,2026-09-04T21:00:00+00:00,0,0,-7.0
SEQ_AR-13100_202609030000,AR-13100,2026-09-03T00:00:00+00:00,C:\Users\aarus\Desktop\solar-flare-warning-system\data\full_resolution\suit_AR-13100_T009_202609021500.fits,C:\Users\aarus\Desktop\solar-flare-warning-system\data\full_resolution\suit_AR-13100_T010_202609021800.fits,C:\Users\aarus\Desktop\solar-flare-warning-system\data\full_resolution\suit_AR-13100_T011_202609022100.fits,C:\Users\aarus\Desktop\solar-flare-warning-system\data\full_resolution\suit_AR-13100_T012_202609030000.fits,2026-09-04T00:00:00+00:00,2026-09-05T00:00:00+00:00,0,0,-7.0
SEQ_AR-13100_202609030300,AR-13100,2026-09-03T03:00:00+00:00,C:\Users\aarus\Desktop\solar-flare-warning-system\data\full_resolution\suit_AR-13100_T010_202609021800.fits,C:\Users\aarus\Desktop\solar-flare-warning-system\data\full_resolution\suit_AR-13100_T011_202609022100.fits,C:\Users\aarus\Desktop\solar-flare-warning-system\data\full_resolution\suit_AR-13100_T012_202609030000.fits,C:\Users\aarus\Desktop\solar-flare-warning-system\data\full_resolution\suit_AR-13100_T013_202609030300.fits,2026-09-04T03:00:00+00:00,2026-09-05T03:00:00+00:00,0,0,-7.0
SEQ_AR-13100_202609030600,AR-13100,2026-09-03T06:00:00+00:00,C:\Users\aarus\Desktop\solar-flare-warning-system\data\full_resolution\suit_AR-13100_T011_202609022100.fits,C:\Users\aarus\Desktop\solar-flare-warning-system\data\full_resolution\suit_AR-13100_T012_202609030000.fits,C:\Users\aarus\Desktop\solar-flare-warning-system\data\full_resolution\suit_AR-13100_T013_202609030300.fits,C:\Users\aarus\Desktop\solar-flare-warning-system\data\full_resolution\suit_AR-13100_T014_202609030600.fits,2026-09-04T06:00:00+00:00,2026-09-05T06:00:00+00:00,0,0,-7.0
SEQ_AR-13100_202609030900,AR-13100,2026-09-03T09:00:00+00:00,C:\Users\aarus\Desktop\solar-flare-warning-system\data\full_resolution\suit_AR-13100_T012_202609030000.fits,C:\Users\aarus\Desktop\solar-flare-warning-system\data\full_resolution\suit_AR-13100_T013_202609030300.fits,C:\Users\aarus\Desktop\solar-flare-warning-system\data\full_resolution\suit_AR-13100_T014_202609030600.fits,C:\Users\aarus\Desktop\solar-flare-warning-system\data\full_resolution\suit_AR-13100_T015_202609030900.fits,2026-09-04T09:00:00+00:00,2026-09-05T09:00:00+00:00,0,0,-7.0
SEQ_AR-13100_202609031200,AR-13100,2026-09-03T12:00:00+00:00,C:\Users\aarus\Desktop\solar-flare-warning-system\data\full_resolution\suit_AR-13100_T013_202609030300.fits,C:\Users\aarus\Desktop\solar-flare-warning-system\data\full_resolution\suit_AR-13100_T014_202609030600.fits,C:\Users\aarus\Desktop\solar-flare-warning-system\data\full_resolution\suit_AR-13100_T015_202609030900.fits,C:\Users\aarus\Desktop\solar-flare-warning-system\data\full_resolution\suit_AR-13100_T016_202609031200.fits,2026-09-04T12:00:00+00:00,2026-09-05T12:00:00+00:00,0,0,-7.0
SEQ_AR-13100_202609031500,AR-13100,2026-09-03T15:00:00+00:00,C:\Users\aarus\Desktop\solar-flare-warning-system\data\full_resolution\suit_AR-13100_T014_202609030600.fits,C:\Users\aarus\Desktop\solar-flare-warning-system\data\full_resolution\suit_AR-13100_T015_202609030900.fits,C:\Users\aarus\Desktop\solar-flare-warning-system\data\full_resolution\suit_AR-13100_T016_202609031200.fits,C:\Users\aarus\Desktop\solar-flare-warning-system\data\full_resolution\suit_AR-13100_T017_202609031500.fits,2026-09-04T15:00:00+00:00,2026-09-05T15:00:00+00:00,0,0,-7.0
SEQ_AR-13100_202609031800,AR-13100,2026-09-03T18:00:00+00:00,C:\Users\aarus\Desktop\solar-flare-warning-system\data\full_resolution\suit_AR-13100_T015_202609030900.fits,C:\Users\aarus\Desktop\solar-flare-warning-system\data\full_resolution\suit_AR-13100_T016_202609031200.fits,C:\Users\aarus\Desktop\solar-flare-warning-system\data\full_resolution\suit_AR-13100_T017_202609031500.fits,C:\Users\aarus\Desktop\solar-flare-warning-system\data\full_resolution\suit_AR-13100_T018_202609031800.fits,2026-09-04T18:00:00+00:00,2026-09-05T18:00:00+00:00,0,0,-7.0
SEQ_AR-13100_202609032100,AR-13100,2026-09-03T21:00:00+00:00,C:\Users\aarus\Desktop\solar-flare-warning-system\data\full_resolution\suit_AR-13100_T016_202609031200.fits,C:\Users\aarus\Desktop\solar-flare-warning-system\data\full_resolution\suit_AR-13100_T017_202609031500.fits,C:\Users\aarus\Desktop\solar-flare-warning-system\data\full_resolution\suit_AR-13100_T018_202609031800.fits,C:\Users\aarus\Desktop\solar-flare-warning-system\data\full_resolution\suit_AR-13100_T019_202609032100.fits,2026-09-04T21:00:00+00:00,2026-09-05T21:00:00+00:00,0,0,-7.0
SEQ_AR-13450_202608232100,AR-13450,2026-08-23T21:00:00+00:00,C:\Users\aarus\Desktop\solar-flare-warning-system\data\full_resolution\suit_AR-13450_T000_202608231200.fits,C:\Users\aarus\Desktop\solar-flare-warning-system\data\full_resolution\suit_AR-13450_T001_202608231500.fits,C:\Users\aarus\Desktop\solar-flare-warning-system\data\full_resolution\suit_AR-13450_T002_202608231800.fits,C:\Users\aarus\Desktop\solar-flare-warning-system\data\full_resolution\suit_AR-13450_T003_202608232100.fits,2026-08-24T21:00:00+00:00,2026-08-25T21:00:00+00:00,0,0,-7.0
SEQ_AR-13450_202608240000,AR-13450,2026-08-24T00:00:00+00:00,C:\Users\aarus\Desktop\solar-flare-warning-system\data\full_resolution\suit_AR-13450_T001_202608231500.fits,C:\Users\aarus\Desktop\solar-flare-warning-system\data\full_resolution\suit_AR-13450_T002_202608231800.fits,C:\Users\aarus\Desktop\solar-flare-warning-system\data\full_resolution\suit_AR-13450_T003_202608232100.fits,C:\Users\aarus\Desktop\solar-flare-warning-system\data\full_resolution\suit_AR-13450_T004_202608240000.fits,2026-08-25T00:00:00+00:00,2026-08-26T00:00:00+00:00,0,0,-7.0
SEQ_AR-13450_202608240300,AR-13450,2026-08-24T03:00:00+00:00,C:\Users\aarus\Desktop\solar-flare-warning-system\data\full_resolution\suit_AR-13450_T002_202608231800.fits,C:\Users\aarus\Desktop\solar-flare-warning-system\data\full_resolution\suit_AR-13450_T003_202608232100.fits,C:\Users\aarus\Desktop\solar-flare-warning-system\data\full_resolution\suit_AR-13450_T004_202608240000.fits,C:\Users\aarus\Desktop\solar-flare-warning-system\data\full_resolution\suit_AR-13450_T005_202608240300.fits,2026-08-25T03:00:00+00:00,2026-08-26T03:00:00+00:00,0,0,-7.0
SEQ_AR-13450_202608240600,AR-13450,2026-08-24T06:00:00+00:00,C:\Users\aarus\Desktop\solar-flare-warning-system\data\full_resolution\suit_AR-13450_T003_202608232100.fits,C:\Users\aarus\Desktop\solar-flare-warning-system\data\full_resolution\suit_AR-13450_T004_202608240000.fits,C:\Users\aarus\Desktop\solar-flare-warning-system\data\full_resolution\suit_AR-13450_T005_202608240300.fits,C:\Users\aarus\Desktop\solar-flare-warning-system\data\full_resolution\suit_AR-13450_T006_202608240600.fits,2026-08-25T06:00:00+00:00,2026-08-26T06:00:00+00:00,0,0,-7.0
SEQ_AR-13450_202608240900,AR-13450,2026-08-24T09:00:00+00:00,C:\Users\aarus\Desktop\solar-flare-warning-system\data\full_resolution\suit_AR-13450_T004_202608240000.fits,C:\Users\aarus\Desktop\solar-flare-warning-system\data\full_resolution\suit_AR-13450_T005_202608240300.fits,C:\Users\aarus\Desktop\solar-flare-warning-system\data\full_resolution\suit_AR-13450_T006_202608240600.fits,C:\Users\aarus\Desktop\solar-flare-warning-system\data\full_resolution\suit_AR-13450_T007_202608240900.fits,2026-08-25T09:00:00+00:00,2026-08-26T09:00:00+00:00,0,0,-7.0
SEQ_AR-13450_202608241200,AR-13450,2026-08-24T12:00:00+00:00,C:\Users\aarus\Desktop\solar-flare-warning-system\data\full_resolution\suit_AR-13450_T005_202608240300.fits,C:\Users\aarus\Desktop\solar-flare-warning-system\data\full_resolution\suit_AR-13450_T006_202608240600.fits,C:\Users\aarus\Desktop\solar-flare-warning-system\data\full_resolution\suit_AR-13450_T007_202608240900.fits,C:\Users\aarus\Desktop\solar-flare-warning-system\data\full_resolution\suit_AR-13450_T008_202608241200.fits,2026-08-25T12:00:00+00:00,2026-08-26T12:00:00+00:00,0,0,-7.0
SEQ_AR-13450_202608241500,AR-13450,2026-08-24T15:00:00+00:00,C:\Users\aarus\Desktop\solar-flare-warning-system\data\full_resolution\suit_AR-13450_T006_202608240600.fits,C:\Users\aarus\Desktop\solar-flare-warning-system\data\full_resolution\suit_AR-13450_T007_202608240900.fits,C:\Users\aarus\Desktop\solar-flare-warning-system\data\full_resolution\suit_AR-13450_T008_202608241200.fits,C:\Users\aarus\Desktop\solar-flare-warning-system\data\full_resolution\suit_AR-13450_T009_202608241500.fits,2026-08-25T15:00:00+00:00,2026-08-26T15:00:00+00:00,0,0,-7.0
SEQ_AR-13450_202608241800,AR-13450,2026-08-24T18:00:00+00:00,C:\Users\aarus\Desktop\solar-flare-warning-system\data\full_resolution\suit_AR-13450_T007_202608240900.fits,C:\Users\aarus\Desktop\solar-flare-warning-system\data\full_resolution\suit_AR-13450_T008_202608241200.fits,C:\Users\aarus\Desktop\solar-flare-warning-system\data\full_resolution\suit_AR-13450_T009_202608241500.fits,C:\Users\aarus\Desktop\solar-flare-warning-system\data\full_resolution\suit_AR-13450_T010_202608241800.fits,2026-08-25T18:00:00+00:00,2026-08-26T18:00:00+00:00,0,0,-7.0
SEQ_AR-13450_202608242100,AR-13450,2026-08-24T21:00:00+00:00,C:\Users\aarus\Desktop\solar-flare-warning-system\data\full_resolution\suit_AR-13450_T008_202608241200.fits,C:\Users\aarus\Desktop\solar-flare-warning-system\data\full_resolution\suit_AR-13450_T009_202608241500.fits,C:\Users\aarus\Desktop\solar-flare-warning-system\data\full_resolution\suit_AR-13450_T010_202608241800.fits,C:\Users\aarus\Desktop\solar-flare-warning-system\data\full_resolution\suit_AR-13450_T011_202608242100.fits,2026-08-25T21:00:00+00:00,2026-08-26T21:00:00+00:00,0,0,-7.0
SEQ_AR-13450_202608250000,AR-13450,2026-08-25T00:00:00+00:00,C:\Users\aarus\Desktop\solar-flare-warning-system\data\full_resolution\suit_AR-13450_T009_202608241500.fits,C:\Users\aarus\Desktop\solar-flare-warning-system\data\full_resolution\suit_AR-13450_T010_202608241800.fits,C:\Users\aarus\Desktop\solar-flare-warning-system\data\full_resolution\suit_AR-13450_T011_202608242100.fits,C:\Users\aarus\Desktop\solar-flare-warning-system\data\full_resolution\suit_AR-13450_T012_202608250000.fits,2026-08-26T00:00:00+00:00,2026-08-27T00:00:00+00:00,0,0,-7.0
SEQ_AR-13450_202608250300,AR-13450,2026-08-25T03:00:00+00:00,C:\Users\aarus\Desktop\solar-flare-warning-system\data\full_resolution\suit_AR-13450_T010_202608241800.fits,C:\Users\aarus\Desktop\solar-flare-warning-system\data\full_resolution\suit_AR-13450_T011_202608242100.fits,C:\Users\aarus\Desktop\solar-flare-warning-system\data\full_resolution\suit_AR-13450_T012_202608250000.fits,C:\Users\aarus\Desktop\solar-flare-warning-system\data\full_resolution\suit_AR-13450_T013_202608250300.fits,2026-08-26T03:00:00+00:00,2026-08-27T03:00:00+00:00,0,0,-7.0
SEQ_AR-13450_202608250600,AR-13450,2026-08-25T06:00:00+00:00,C:\Users\aarus\Desktop\solar-flare-warning-system\data\full_resolution\suit_AR-13450_T011_202608242100.fits,C:\Users\aarus\Desktop\solar-flare-warning-system\data\full_resolution\suit_AR-13450_T012_202608250000.fits,C:\Users\aarus\Desktop\solar-flare-warning-system\data\full_resolution\suit_AR-13450_T013_202608250300.fits,C:\Users\aarus\Desktop\solar-flare-warning-system\data\full_resolution\suit_AR-13450_T014_202608250600.fits,2026-08-26T06:00:00+00:00,2026-08-27T06:00:00+00:00,0,0,-7.0
SEQ_AR-13450_202608250900,AR-13450,2026-08-25T09:00:00+00:00,C:\Users\aarus\Desktop\solar-flare-warning-system\data\full_resolution\suit_AR-13450_T012_202608250000.fits,C:\Users\aarus\Desktop\solar-flare-warning-system\data\full_resolution\suit_AR-13450_T013_202608250300.fits,C:\Users\aarus\Desktop\solar-flare-warning-system\data\full_resolution\suit_AR-13450_T014_202608250600.fits,C:\Users\aarus\Desktop\solar-flare-warning-system\data\full_resolution\suit_AR-13450_T015_202608250900.fits,2026-08-26T09:00:00+00:00,2026-08-27T09:00:00+00:00,0,0,-7.0
SEQ_AR-13450_202608251200,AR-13450,2026-08-25T12:00:00+00:00,C:\Users\aarus\Desktop\solar-flare-warning-system\data\full_resolution\suit_AR-13450_T013_202608250300.fits,C:\Users\aarus\Desktop\solar-flare-warning-system\data\full_resolution\suit_AR-13450_T014_202608250600.fits,C:\Users\aarus\Desktop\solar-flare-warning-system\data\full_resolution\suit_AR-13450_T015_202608250900.fits,C:\Users\aarus\Desktop\solar-flare-warning-system\data\full_resolution\suit_AR-13450_T016_202608251200.fits,2026-08-26T12:00:00+00:00,2026-08-27T12:00:00+00:00,0,0,-7.0
SEQ_AR-13450_202608251500,AR-13450,2026-08-25T15:00:00+00:00,C:\Users\aarus\Desktop\solar-flare-warning-system\data\full_resolution\suit_AR-13450_T014_202608250600.fits,C:\Users\aarus\Desktop\solar-flare-warning-system\data\full_resolution\suit_AR-13450_T015_202608250900.fits,C:\Users\aarus\Desktop\solar-flare-warning-system\data\full_resolution\suit_AR-13450_T016_202608251200.fits,C:\Users\aarus\Desktop\solar-flare-warning-system\data\full_resolution\suit_AR-13450_T017_202608251500.fits,2026-08-26T15:00:00+00:00,2026-08-27T15:00:00+00:00,0,0,-7.0
SEQ_AR-13450_202608251800,AR-13450,2026-08-25T18:00:00+00:00,C:\Users\aarus\Desktop\solar-flare-warning-system\data\full_resolution\suit_AR-13450_T015_202608250900.fits,C:\Users\aarus\Desktop\solar-flare-warning-system\data\full_resolution\suit_AR-13450_T016_202608251200.fits,C:\Users\aarus\Desktop\solar-flare-warning-system\data\full_resolution\suit_AR-13450_T017_202608251500.fits,C:\Users\aarus\Desktop\solar-flare-warning-system\data\full_resolution\suit_AR-13450_T018_202608251800.fits,2026-08-26T18:00:00+00:00,2026-08-27T18:00:00+00:00,0,0,-7.0
SEQ_AR-13450_202608252100,AR-13450,2026-08-25T21:00:00+00:00,C:\Users\aarus\Desktop\solar-flare-warning-system\data\full_resolution\suit_AR-13450_T016_202608251200.fits,C:\Users\aarus\Desktop\solar-flare-warning-system\data\full_resolution\suit_AR-13450_T017_202608251500.fits,C:\Users\aarus\Desktop\solar-flare-warning-system\data\full_resolution\suit_AR-13450_T018_202608251800.fits,C:\Users\aarus\Desktop\solar-flare-warning-system\data\full_resolution\suit_AR-13450_T019_202608252100.fits,2026-08-26T21:00:00+00:00,2026-08-27T21:00:00+00:00,0,0,-7.0
SEQ_AR-13500_202608280900,AR-13500,2026-08-28T09:00:00+00:00,C:\Users\aarus\Desktop\solar-flare-warning-system\data\full_resolution\suit_AR-13500_T000_202608280000.fits,C:\Users\aarus\Desktop\solar-flare-warning-system\data\full_resolution\suit_AR-13500_T001_202608280300.fits,C:\Users\aarus\Desktop\solar-flare-warning-system\data\full_resolution\suit_AR-13500_T002_202608280600.fits,C:\Users\aarus\Desktop\solar-flare-warning-system\data\full_resolution\suit_AR-13500_T003_202608280900.fits,2026-08-29T09:00:00+00:00,2026-08-30T09:00:00+00:00,0,0,-7.0
SEQ_AR-13500_202608281200,AR-13500,2026-08-28T12:00:00+00:00,C:\Users\aarus\Desktop\solar-flare-warning-system\data\full_resolution\suit_AR-13500_T001_202608280300.fits,C:\Users\aarus\Desktop\solar-flare-warning-system\data\full_resolution\suit_AR-13500_T002_202608280600.fits,C:\Users\aarus\Desktop\solar-flare-warning-system\data\full_resolution\suit_AR-13500_T003_202608280900.fits,C:\Users\aarus\Desktop\solar-flare-warning-system\data\full_resolution\suit_AR-13500_T004_202608281200.fits,2026-08-29T12:00:00+00:00,2026-08-30T12:00:00+00:00,0,0,-7.0
SEQ_AR-13500_202608281500,AR-13500,2026-08-28T15:00:00+00:00,C:\Users\aarus\Desktop\solar-flare-warning-system\data\full_resolution\suit_AR-13500_T002_202608280600.fits,C:\Users\aarus\Desktop\solar-flare-warning-system\data\full_resolution\suit_AR-13500_T003_202608280900.fits,C:\Users\aarus\Desktop\solar-flare-warning-system\data\full_resolution\suit_AR-13500_T004_202608281200.fits,C:\Users\aarus\Desktop\solar-flare-warning-system\data\full_resolution\suit_AR-13500_T005_202608281500.fits,2026-08-29T15:00:00+00:00,2026-08-30T15:00:00+00:00,0,0,-7.0
SEQ_AR-13500_202608281800,AR-13500,2026-08-28T18:00:00+00:00,C:\Users\aarus\Desktop\solar-flare-warning-system\data\full_resolution\suit_AR-13500_T003_202608280900.fits,C:\Users\aarus\Desktop\solar-flare-warning-system\data\full_resolution\suit_AR-13500_T004_202608281200.fits,C:\Users\aarus\Desktop\solar-flare-warning-system\data\full_resolution\suit_AR-13500_T005_202608281500.fits,C:\Users\aarus\Desktop\solar-flare-warning-system\data\full_resolution\suit_AR-13500_T006_202608281800.fits,2026-08-29T18:00:00+00:00,2026-08-30T18:00:00+00:00,0,0,-7.0
SEQ_AR-13500_202608282100,AR-13500,2026-08-28T21:00:00+00:00,C:\Users\aarus\Desktop\solar-flare-warning-system\data\full_resolution\suit_AR-13500_T004_202608281200.fits,C:\Users\aarus\Desktop\solar-flare-warning-system\data\full_resolution\suit_AR-13500_T005_202608281500.fits,C:\Users\aarus\Desktop\solar-flare-warning-system\data\full_resolution\suit_AR-13500_T006_202608281800.fits,C:\Users\aarus\Desktop\solar-flare-warning-system\data\full_resolution\suit_AR-13500_T007_202608282100.fits,2026-08-29T21:00:00+00:00,2026-08-30T21:00:00+00:00,0,0,-7.0
SEQ_AR-13500_202608290000,AR-13500,2026-08-29T00:00:00+00:00,C:\Users\aarus\Desktop\solar-flare-warning-system\data\full_resolution\suit_AR-13500_T005_202608281500.fits,C:\Users\aarus\Desktop\solar-flare-warning-system\data\full_resolution\suit_AR-13500_T006_202608281800.fits,C:\Users\aarus\Desktop\solar-flare-warning-system\data\full_resolution\suit_AR-13500_T007_202608282100.fits,C:\Users\aarus\Desktop\solar-flare-warning-system\data\full_resolution\suit_AR-13500_T008_202608290000.fits,2026-08-30T00:00:00+00:00,2026-08-31T00:00:00+00:00,0,0,-7.0
SEQ_AR-13500_202608290300,AR-13500,2026-08-29T03:00:00+00:00,C:\Users\aarus\Desktop\solar-flare-warning-system\data\full_resolution\suit_AR-13500_T006_202608281800.fits,C:\Users\aarus\Desktop\solar-flare-warning-system\data\full_resolution\suit_AR-13500_T007_202608282100.fits,C:\Users\aarus\Desktop\solar-flare-warning-system\data\full_resolution\suit_AR-13500_T008_202608290000.fits,C:\Users\aarus\Desktop\solar-flare-warning-system\data\full_resolution\suit_AR-13500_T009_202608290300.fits,2026-08-30T03:00:00+00:00,2026-08-31T03:00:00+00:00,0,0,-7.0
SEQ_AR-13500_202608290600,AR-13500,2026-08-29T06:00:00+00:00,C:\Users\aarus\Desktop\solar-flare-warning-system\data\full_resolution\suit_AR-13500_T007_202608282100.fits,C:\Users\aarus\Desktop\solar-flare-warning-system\data\full_resolution\suit_AR-13500_T008_202608290000.fits,C:\Users\aarus\Desktop\solar-flare-warning-system\data\full_resolution\suit_AR-13500_T009_202608290300.fits,C:\Users\aarus\Desktop\solar-flare-warning-system\data\full_resolution\suit_AR-13500_T010_202608290600.fits,2026-08-30T06:00:00+00:00,2026-08-31T06:00:00+00:00,0,0,-7.0
SEQ_AR-13500_202608290900,AR-13500,2026-08-29T09:00:00+00:00,C:\Users\aarus\Desktop\solar-flare-warning-system\data\full_resolution\suit_AR-13500_T008_202608290000.fits,C:\Users\aarus\Desktop\solar-flare-warning-system\data\full_resolution\suit_AR-13500_T009_202608290300.fits,C:\Users\aarus\Desktop\solar-flare-warning-system\data\full_resolution\suit_AR-13500_T010_202608290600.fits,C:\Users\aarus\Desktop\solar-flare-warning-system\data\full_resolution\suit_AR-13500_T011_202608290900.fits,2026-08-30T09:00:00+00:00,2026-08-31T09:00:00+00:00,0,0,-7.0
SEQ_AR-13500_202608291200,AR-13500,2026-08-29T12:00:00+00:00,C:\Users\aarus\Desktop\solar-flare-warning-system\data\full_resolution\suit_AR-13500_T009_202608290300.fits,C:\Users\aarus\Desktop\solar-flare-warning-system\data\full_resolution\suit_AR-13500_T010_202608290600.fits,C:\Users\aarus\Desktop\solar-flare-warning-system\data\full_resolution\suit_AR-13500_T011_202608290900.fits,C:\Users\aarus\Desktop\solar-flare-warning-system\data\full_resolution\suit_AR-13500_T012_202608291200.fits,2026-08-30T12:00:00+00:00,2026-08-31T12:00:00+00:00,0,0,-7.0
SEQ_AR-13500_202608291500,AR-13500,2026-08-29T15:00:00+00:00,C:\Users\aarus\Desktop\solar-flare-warning-system\data\full_resolution\suit_AR-13500_T010_202608290600.fits,C:\Users\aarus\Desktop\solar-flare-warning-system\data\full_resolution\suit_AR-13500_T011_202608290900.fits,C:\Users\aarus\Desktop\solar-flare-warning-system\data\full_resolution\suit_AR-13500_T012_202608291200.fits,C:\Users\aarus\Desktop\solar-flare-warning-system\data\full_resolution\suit_AR-13500_T013_202608291500.fits,2026-08-30T15:00:00+00:00,2026-08-31T15:00:00+00:00,0,0,-7.0
SEQ_AR-13500_202608291800,AR-13500,2026-08-29T18:00:00+00:00,C:\Users\aarus\Desktop\solar-flare-warning-system\data\full_resolution\suit_AR-13500_T011_202608290900.fits,C:\Users\aarus\Desktop\solar-flare-warning-system\data\full_resolution\suit_AR-13500_T012_202608291200.fits,C:\Users\aarus\Desktop\solar-flare-warning-system\data\full_resolution\suit_AR-13500_T013_202608291500.fits,C:\Users\aarus\Desktop\solar-flare-warning-system\data\full_resolution\suit_AR-13500_T014_202608291800.fits,2026-08-30T18:00:00+00:00,2026-08-31T18:00:00+00:00,0,0,-7.0
SEQ_AR-13500_202608292100,AR-13500,2026-08-29T21:00:00+00:00,C:\Users\aarus\Desktop\solar-flare-warning-system\data\full_resolution\suit_AR-13500_T012_202608291200.fits,C:\Users\aarus\Desktop\solar-flare-warning-system\data\full_resolution\suit_AR-13500_T013_202608291500.fits,C:\Users\aarus\Desktop\solar-flare-warning-system\data\full_resolution\suit_AR-13500_T014_202608291800.fits,C:\Users\aarus\Desktop\solar-flare-warning-system\data\full_resolution\suit_AR-13500_T015_202608292100.fits,2026-08-30T21:00:00+00:00,2026-08-31T21:00:00+00:00,0,0,-7.0
SEQ_AR-13500_202608300000,AR-13500,2026-08-30T00:00:00+00:00,C:\Users\aarus\Desktop\solar-flare-warning-system\data\full_resolution\suit_AR-13500_T013_202608291500.fits,C:\Users\aarus\Desktop\solar-flare-warning-system\data\full_resolution\suit_AR-13500_T014_202608291800.fits,C:\Users\aarus\Desktop\solar-flare-warning-system\data\full_resolution\suit_AR-13500_T015_202608292100.fits,C:\Users\aarus\Desktop\solar-flare-warning-system\data\full_resolution\suit_AR-13500_T016_202608300000.fits,2026-08-31T00:00:00+00:00,2026-09-01T00:00:00+00:00,0,0,-7.0
SEQ_AR-13500_202608300300,AR-13500,2026-08-30T03:00:00+00:00,C:\Users\aarus\Desktop\solar-flare-warning-system\data\full_resolution\suit_AR-13500_T014_202608291800.fits,C:\Users\aarus\Desktop\solar-flare-warning-system\data\full_resolution\suit_AR-13500_T015_202608292100.fits,C:\Users\aarus\Desktop\solar-flare-warning-system\data\full_resolution\suit_AR-13500_T016_202608300000.fits,C:\Users\aarus\Desktop\solar-flare-warning-system\data\full_resolution\suit_AR-13500_T017_202608300300.fits,2026-08-31T03:00:00+00:00,2026-09-01T03:00:00+00:00,0,0,-7.0
SEQ_AR-13500_202608300600,AR-13500,2026-08-30T06:00:00+00:00,C:\Users\aarus\Desktop\solar-flare-warning-system\data\full_resolution\suit_AR-13500_T015_202608292100.fits,C:\Users\aarus\Desktop\solar-flare-warning-system\data\full_resolution\suit_AR-13500_T016_202608300000.fits,C:\Users\aarus\Desktop\solar-flare-warning-system\data\full_resolution\suit_AR-13500_T017_202608300300.fits,C:\Users\aarus\Desktop\solar-flare-warning-system\data\full_resolution\suit_AR-13500_T018_202608300600.fits,2026-08-31T06:00:00+00:00,2026-09-01T06:00:00+00:00,0,0,-7.0
SEQ_AR-13500_202608300900,AR-13500,2026-08-30T09:00:00+00:00,C:\Users\aarus\Desktop\solar-flare-warning-system\data\full_resolution\suit_AR-13500_T016_202608300000.fits,C:\Users\aarus\Desktop\solar-flare-warning-system\data\full_resolution\suit_AR-13500_T017_202608300300.fits,C:\Users\aarus\Desktop\solar-flare-warning-system\data\full_resolution\suit_AR-13500_T018_202608300600.fits,C:\Users\aarus\Desktop\solar-flare-warning-system\data\full_resolution\suit_AR-13500_T019_202608300900.fits,2026-08-31T09:00:00+00:00,2026-09-01T09:00:00+00:00,0,0,-7.0
SEQ_AR-13664_202608010900,AR-13664,2026-08-01T09:00:00+00:00,C:\Users\aarus\Desktop\solar-flare-warning-system\data\full_resolution\suit_AR-13664_T000_202608010000.fits,C:\Users\aarus\Desktop\solar-flare-warning-system\data\full_resolution\suit_AR-13664_T001_202608010300.fits,C:\Users\aarus\Desktop\solar-flare-warning-system\data\full_resolution\suit_AR-13664_T002_202608010600.fits,C:\Users\aarus\Desktop\solar-flare-warning-system\data\full_resolution\suit_AR-13664_T003_202608010900.fits,2026-08-02T09:00:00+00:00,2026-08-03T09:00:00+00:00,1,3,-3.5528
SEQ_AR-13664_202608011200,AR-13664,2026-08-01T12:00:00+00:00,C:\Users\aarus\Desktop\solar-flare-warning-system\data\full_resolution\suit_AR-13664_T001_202608010300.fits,C:\Users\aarus\Desktop\solar-flare-warning-system\data\full_resolution\suit_AR-13664_T002_202608010600.fits,C:\Users\aarus\Desktop\solar-flare-warning-system\data\full_resolution\suit_AR-13664_T003_202608010900.fits,C:\Users\aarus\Desktop\solar-flare-warning-system\data\full_resolution\suit_AR-13664_T004_202608011200.fits,2026-08-02T12:00:00+00:00,2026-08-03T12:00:00+00:00,1,3,-3.5528
SEQ_AR-13664_202608011500,AR-13664,2026-08-01T15:00:00+00:00,C:\Users\aarus\Desktop\solar-flare-warning-system\data\full_resolution\suit_AR-13664_T002_202608010600.fits,C:\Users\aarus\Desktop\solar-flare-warning-system\data\full_resolution\suit_AR-13664_T003_202608010900.fits,C:\Users\aarus\Desktop\solar-flare-warning-system\data\full_resolution\suit_AR-13664_T004_202608011200.fits,C:\Users\aarus\Desktop\solar-flare-warning-system\data\full_resolution\suit_AR-13664_T005_202608011500.fits,2026-08-02T15:00:00+00:00,2026-08-03T15:00:00+00:00,1,3,-3.5528
SEQ_AR-13664_202608011800,AR-13664,2026-08-01T18:00:00+00:00,C:\Users\aarus\Desktop\solar-flare-warning-system\data\full_resolution\suit_AR-13664_T003_202608010900.fits,C:\Users\aarus\Desktop\solar-flare-warning-system\data\full_resolution\suit_AR-13664_T004_202608011200.fits,C:\Users\aarus\Desktop\solar-flare-warning-system\data\full_resolution\suit_AR-13664_T005_202608011500.fits,C:\Users\aarus\Desktop\solar-flare-warning-system\data\full_resolution\suit_AR-13664_T006_202608011800.fits,2026-08-02T18:00:00+00:00,2026-08-03T18:00:00+00:00,1,3,-3.5528
SEQ_AR-13664_202608012100,AR-13664,2026-08-01T21:00:00+00:00,C:\Users\aarus\Desktop\solar-flare-warning-system\data\full_resolution\suit_AR-13664_T004_202608011200.fits,C:\Users\aarus\Desktop\solar-flare-warning-system\data\full_resolution\suit_AR-13664_T005_202608011500.fits,C:\Users\aarus\Desktop\solar-flare-warning-system\data\full_resolution\suit_AR-13664_T006_202608011800.fits,C:\Users\aarus\Desktop\solar-flare-warning-system\data\full_resolution\suit_AR-13664_T007_202608012100.fits,2026-08-02T21:00:00+00:00,2026-08-03T21:00:00+00:00,0,0,-7.0
SEQ_AR-13664_202608020000,AR-13664,2026-08-02T00:00:00+00:00,C:\Users\aarus\Desktop\solar-flare-warning-system\data\full_resolution\suit_AR-13664_T005_202608011500.fits,C:\Users\aarus\Desktop\solar-flare-warning-system\data\full_resolution\suit_AR-13664_T006_202608011800.fits,C:\Users\aarus\Desktop\solar-flare-warning-system\data\full_resolution\suit_AR-13664_T007_202608012100.fits,C:\Users\aarus\Desktop\solar-flare-warning-system\data\full_resolution\suit_AR-13664_T008_202608020000.fits,2026-08-03T00:00:00+00:00,2026-08-04T00:00:00+00:00,0,0,-7.0
SEQ_AR-13664_202608020300,AR-13664,2026-08-02T03:00:00+00:00,C:\Users\aarus\Desktop\solar-flare-warning-system\data\full_resolution\suit_AR-13664_T006_202608011800.fits,C:\Users\aarus\Desktop\solar-flare-warning-system\data\full_resolution\suit_AR-13664_T007_202608012100.fits,C:\Users\aarus\Desktop\solar-flare-warning-system\data\full_resolution\suit_AR-13664_T008_202608020000.fits,C:\Users\aarus\Desktop\solar-flare-warning-system\data\full_resolution\suit_AR-13664_T009_202608020300.fits,2026-08-03T03:00:00+00:00,2026-08-04T03:00:00+00:00,0,0,-7.0
SEQ_AR-13664_202608020600,AR-13664,2026-08-02T06:00:00+00:00,C:\Users\aarus\Desktop\solar-flare-warning-system\data\full_resolution\suit_AR-13664_T007_202608012100.fits,C:\Users\aarus\Desktop\solar-flare-warning-system\data\full_resolution\suit_AR-13664_T008_202608020000.fits,C:\Users\aarus\Desktop\solar-flare-warning-system\data\full_resolution\suit_AR-13664_T009_202608020300.fits,C:\Users\aarus\Desktop\solar-flare-warning-system\data\full_resolution\suit_AR-13664_T010_202608020600.fits,2026-08-03T06:00:00+00:00,2026-08-04T06:00:00+00:00,0,0,-7.0
SEQ_AR-13664_202608020900,AR-13664,2026-08-02T09:00:00+00:00,C:\Users\aarus\Desktop\solar-flare-warning-system\data\full_resolution\suit_AR-13664_T008_202608020000.fits,C:\Users\aarus\Desktop\solar-flare-warning-system\data\full_resolution\suit_AR-13664_T009_202608020300.fits,C:\Users\aarus\Desktop\solar-flare-warning-system\data\full_resolution\suit_AR-13664_T010_202608020600.fits,C:\Users\aarus\Desktop\solar-flare-warning-system\data\full_resolution\suit_AR-13664_T011_202608020900.fits,2026-08-03T09:00:00+00:00,2026-08-04T09:00:00+00:00,0,0,-7.0
SEQ_AR-13664_202608021200,AR-13664,2026-08-02T12:00:00+00:00,C:\Users\aarus\Desktop\solar-flare-warning-system\data\full_resolution\suit_AR-13664_T009_202608020300.fits,C:\Users\aarus\Desktop\solar-flare-warning-system\data\full_resolution\suit_AR-13664_T010_202608020600.fits,C:\Users\aarus\Desktop\solar-flare-warning-system\data\full_resolution\suit_AR-13664_T011_202608020900.fits,C:\Users\aarus\Desktop\solar-flare-warning-system\data\full_resolution\suit_AR-13664_T012_202608021200.fits,2026-08-03T12:00:00+00:00,2026-08-04T12:00:00+00:00,0,0,-7.0
SEQ_AR-13664_202608021500,AR-13664,2026-08-02T15:00:00+00:00,C:\Users\aarus\Desktop\solar-flare-warning-system\data\full_resolution\suit_AR-13664_T010_202608020600.fits,C:\Users\aarus\Desktop\solar-flare-warning-system\data\full_resolution\suit_AR-13664_T011_202608020900.fits,C:\Users\aarus\Desktop\solar-flare-warning-system\data\full_resolution\suit_AR-13664_T012_202608021200.fits,C:\Users\aarus\Desktop\solar-flare-warning-system\data\full_resolution\suit_AR-13664_T013_202608021500.fits,2026-08-03T15:00:00+00:00,2026-08-04T15:00:00+00:00,0,0,-7.0
SEQ_AR-13664_202608021800,AR-13664,2026-08-02T18:00:00+00:00,C:\Users\aarus\Desktop\solar-flare-warning-system\data\full_resolution\suit_AR-13664_T011_202608020900.fits,C:\Users\aarus\Desktop\solar-flare-warning-system\data\full_resolution\suit_AR-13664_T012_202608021200.fits,C:\Users\aarus\Desktop\solar-flare-warning-system\data\full_resolution\suit_AR-13664_T013_202608021500.fits,C:\Users\aarus\Desktop\solar-flare-warning-system\data\full_resolution\suit_AR-13664_T014_202608021800.fits,2026-08-03T18:00:00+00:00,2026-08-04T18:00:00+00:00,0,0,-7.0
SEQ_AR-13664_202608022100,AR-13664,2026-08-02T21:00:00+00:00,C:\Users\aarus\Desktop\solar-flare-warning-system\data\full_resolution\suit_AR-13664_T012_202608021200.fits,C:\Users\aarus\Desktop\solar-flare-warning-system\data\full_resolution\suit_AR-13664_T013_202608021500.fits,C:\Users\aarus\Desktop\solar-flare-warning-system\data\full_resolution\suit_AR-13664_T014_202608021800.fits,C:\Users\aarus\Desktop\solar-flare-warning-system\data\full_resolution\suit_AR-13664_T015_202608022100.fits,2026-08-03T21:00:00+00:00,2026-08-04T21:00:00+00:00,0,0,-7.0
SEQ_AR-13664_202608030000,AR-13664,2026-08-03T00:00:00+00:00,C:\Users\aarus\Desktop\solar-flare-warning-system\data\full_resolution\suit_AR-13664_T013_202608021500.fits,C:\Users\aarus\Desktop\solar-flare-warning-system\data\full_resolution\suit_AR-13664_T014_202608021800.fits,C:\Users\aarus\Desktop\solar-flare-warning-system\data\full_resolution\suit_AR-13664_T015_202608022100.fits,C:\Users\aarus\Desktop\solar-flare-warning-system\data\full_resolution\suit_AR-13664_T016_202608030000.fits,2026-08-04T00:00:00+00:00,2026-08-05T00:00:00+00:00,0,0,-7.0
SEQ_AR-13664_202608030300,AR-13664,2026-08-03T03:00:00+00:00,C:\Users\aarus\Desktop\solar-flare-warning-system\data\full_resolution\suit_AR-13664_T014_202608021800.fits,C:\Users\aarus\Desktop\solar-flare-warning-system\data\full_resolution\suit_AR-13664_T015_202608022100.fits,C:\Users\aarus\Desktop\solar-flare-warning-system\data\full_resolution\suit_AR-13664_T016_202608030000.fits,C:\Users\aarus\Desktop\solar-flare-warning-system\data\full_resolution\suit_AR-13664_T017_202608030300.fits,2026-08-04T03:00:00+00:00,2026-08-05T03:00:00+00:00,0,0,-7.0
SEQ_AR-13664_202608030600,AR-13664,2026-08-03T06:00:00+00:00,C:\Users\aarus\Desktop\solar-flare-warning-system\data\full_resolution\suit_AR-13664_T015_202608022100.fits,C:\Users\aarus\Desktop\solar-flare-warning-system\data\full_resolution\suit_AR-13664_T016_202608030000.fits,C:\Users\aarus\Desktop\solar-flare-warning-system\data\full_resolution\suit_AR-13664_T017_202608030300.fits,C:\Users\aarus\Desktop\solar-flare-warning-system\data\full_resolution\suit_AR-13664_T018_202608030600.fits,2026-08-04T06:00:00+00:00,2026-08-05T06:00:00+00:00,0,0,-7.0
SEQ_AR-13664_202608030900,AR-13664,2026-08-03T09:00:00+00:00,C:\Users\aarus\Desktop\solar-flare-warning-system\data\full_resolution\suit_AR-13664_T016_202608030000.fits,C:\Users\aarus\Desktop\solar-flare-warning-system\data\full_resolution\suit_AR-13664_T017_202608030300.fits,C:\Users\aarus\Desktop\solar-flare-warning-system\data\full_resolution\suit_AR-13664_T018_202608030600.fits,C:\Users\aarus\Desktop\solar-flare-warning-system\data\full_resolution\suit_AR-13664_T019_202608030900.fits,2026-08-04T09:00:00+00:00,2026-08-05T09:00:00+00:00,0,0,-7.0
SEQ_AR-13664_202608031200,AR-13664,2026-08-03T12:00:00+00:00,C:\Users\aarus\Desktop\solar-flare-warning-system\data\full_resolution\suit_AR-13664_T017_202608030300.fits,C:\Users\aarus\Desktop\solar-flare-warning-system\data\full_resolution\suit_AR-13664_T018_202608030600.fits,C:\Users\aarus\Desktop\solar-flare-warning-system\data\full_resolution\suit_AR-13664_T019_202608030900.fits,C:\Users\aarus\Desktop\solar-flare-warning-system\data\full_resolution\suit_AR-13664_T020_202608031200.fits,2026-08-04T12:00:00+00:00,2026-08-05T12:00:00+00:00,0,0,-7.0
SEQ_AR-13664_202608031500,AR-13664,2026-08-03T15:00:00+00:00,C:\Users\aarus\Desktop\solar-flare-warning-system\data\full_resolution\suit_AR-13664_T018_202608030600.fits,C:\Users\aarus\Desktop\solar-flare-warning-system\data\full_resolution\suit_AR-13664_T019_202608030900.fits,C:\Users\aarus\Desktop\solar-flare-warning-system\data\full_resolution\suit_AR-13664_T020_202608031200.fits,C:\Users\aarus\Desktop\solar-flare-warning-system\data\full_resolution\suit_AR-13664_T021_202608031500.fits,2026-08-04T15:00:00+00:00,2026-08-05T15:00:00+00:00,0,0,-7.0
SEQ_AR-13664_202608031800,AR-13664,2026-08-03T18:00:00+00:00,C:\Users\aarus\Desktop\solar-flare-warning-system\data\full_resolution\suit_AR-13664_T019_202608030900.fits,C:\Users\aarus\Desktop\solar-flare-warning-system\data\full_resolution\suit_AR-13664_T020_202608031200.fits,C:\Users\aarus\Desktop\solar-flare-warning-system\data\full_resolution\suit_AR-13664_T021_202608031500.fits,C:\Users\aarus\Desktop\solar-flare-warning-system\data\full_resolution\suit_AR-13664_T022_202608031800.fits,2026-08-04T18:00:00+00:00,2026-08-05T18:00:00+00:00,0,0,-7.0
SEQ_AR-13664_202608032100,AR-13664,2026-08-03T21:00:00+00:00,C:\Users\aarus\Desktop\solar-flare-warning-system\data\full_resolution\suit_AR-13664_T020_202608031200.fits,C:\Users\aarus\Desktop\solar-flare-warning-system\data\full_resolution\suit_AR-13664_T021_202608031500.fits,C:\Users\aarus\Desktop\solar-flare-warning-system\data\full_resolution\suit_AR-13664_T022_202608031800.fits,C:\Users\aarus\Desktop\solar-flare-warning-system\data\full_resolution\suit_AR-13664_T023_202608032100.fits,2026-08-04T21:00:00+00:00,2026-08-05T21:00:00+00:00,0,0,-7.0
SEQ_AR-3664_202608280330,AR-3664,2026-08-28T03:30:00+00:00,C:\Users\aarus\Desktop\solar-flare-warning-system\data\full_resolution\suit_obs_2026Aug28_T00.fits,C:\Users\aarus\Desktop\solar-flare-warning-system\data\full_resolution\suit_obs_2026Aug28_T01.fits,C:\Users\aarus\Desktop\solar-flare-warning-system\data\full_resolution\suit_obs_2026Aug28_T02.fits,C:\Users\aarus\Desktop\solar-flare-warning-system\data\full_resolution\suit_obs_2026Aug28_T03.fits,2026-08-29T03:30:00+00:00,2026-08-30T03:30:00+00:00,0,0,-7.0
SEQ_AR-3664_202608280430,AR-3664,2026-08-28T04:30:00+00:00,C:\Users\aarus\Desktop\solar-flare-warning-system\data\full_resolution\suit_obs_2026Aug28_T01.fits,C:\Users\aarus\Desktop\solar-flare-warning-system\data\full_resolution\suit_obs_2026Aug28_T02.fits,C:\Users\aarus\Desktop\solar-flare-warning-system\data\full_resolution\suit_obs_2026Aug28_T03.fits,C:\Users\aarus\Desktop\solar-flare-warning-system\data\full_resolution\suit_obs_2026Aug28_T04.fits,2026-08-29T04:30:00+00:00,2026-08-30T04:30:00+00:00,0,0,-7.0
SEQ_AR-3664_202608280530,AR-3664,2026-08-28T05:30:00+00:00,C:\Users\aarus\Desktop\solar-flare-warning-system\data\full_resolution\suit_obs_2026Aug28_T02.fits,C:\Users\aarus\Desktop\solar-flare-warning-system\data\full_resolution\suit_obs_2026Aug28_T03.fits,C:\Users\aarus\Desktop\solar-flare-warning-system\data\full_resolution\suit_obs_2026Aug28_T04.fits,C:\Users\aarus\Desktop\solar-flare-warning-system\data\full_resolution\suit_obs_2026Aug28_T05.fits,2026-08-29T05:30:00+00:00,2026-08-30T05:30:00+00:00,0,0,-7.0
SEQ_AR-3664_202608280630,AR-3664,2026-08-28T06:30:00+00:00,C:\Users\aarus\Desktop\solar-flare-warning-system\data\full_resolution\suit_obs_2026Aug28_T03.fits,C:\Users\aarus\Desktop\solar-flare-warning-system\data\full_resolution\suit_obs_2026Aug28_T04.fits,C:\Users\aarus\Desktop\solar-flare-warning-system\data\full_resolution\suit_obs_2026Aug28_T05.fits,C:\Users\aarus\Desktop\solar-flare-warning-system\data\full_resolution\suit_obs_2026Aug28_T06.fits,2026-08-29T06:30:00+00:00,2026-08-30T06:30:00+00:00,0,0,-7.0
SEQ_AR-3664_202608280730,AR-3664,2026-08-28T07:30:00+00:00,C:\Users\aarus\Desktop\solar-flare-warning-system\data\full_resolution\suit_obs_2026Aug28_T04.fits,C:\Users\aarus\Desktop\solar-flare-warning-system\data\full_resolution\suit_obs_2026Aug28_T05.fits,C:\Users\aarus\Desktop\solar-flare-warning-system\data\full_resolution\suit_obs_2026Aug28_T06.fits,C:\Users\aarus\Desktop\solar-flare-warning-system\data\full_resolution\suit_obs_2026Aug28_T07.fits,2026-08-29T07:30:00+00:00,2026-08-30T07:30:00+00:00,0,0,-7.0
